2535,"AUCHAN CITY IASI","Str Palas nr. 5C",47.155177,27.588764,""
8751,"AUCHAN ROSETTI","",44.44208828,26.10419432,""
2550,"AUCHAN TITAN","Bd.1 Decembrie 1918 nr. 33A sector 3",44.420452,26.179898,""
3330,Aiud/Transilvaniei,"Str. Transilvaniei, nr. 99-101-103",46.316812,23.7219,""
7234,"Alba Iulia 2/ jud Alba","Str. Tudor Vladimirescu, nr. 10",46.074694,23.580092,""
7293,"Alba Iulia 3/ jud Alba","Str. Motilor, nr. 116",46.080228,23.565178,""
11260,"Alba Iulia Republicii 20","B-dul Republicii, nr. 20, Bl. D1A",46.0803,23.5727,""
3203,"Alba Iulia/Lalelelor","Str. Lalelelor, nr. 57",46.064186,23.554476,""
7968,Arad,"Str.Prof.Dr.Aurel Ardelean, Nr 28",46.17108375,21.2909749,""
10829,"Arad Iuliu Maniu 17","str Iuliu Maniu , nr 17",46.1823,21.327,""
3174,"Arad/Aurel Vlaicu","Calea A. Vlaicu, nr. 139-151",46.19685,21.297717,""
3268,"Arad/Aurel Vlaicu","Calea Aurel Vlaicu, nr. 41-43",46.189151,21.32077,""
3328,"Arad/Banu Maracine","Str. Banu Mărăcine, nr. 6",46.185196,21.314824,""
11657,"Arad/Ticu Dumitrescu","Str. Constantin Ticu Dumitrescu, nr. 60",46.14297876,21.31074323,""
3168,Arad/Timisorii,"Str. Timişorii, nr. 1-3",46.1577,21.322217,""
8132,Arges,"Calea Dragasani, nr. 20",44.845562,24.853853,""
1668,"B-dul  Nicolae Balcescu, 158 A","Str. Nicolae Balcescu, Nr. 158A",44.878657,24.843035,""
1560,"B-dul Ferdinand, 85","Bdul Ferdinand, Nr. 85",46.05719421,23.57581962,""
7079,Bacau,"Str. Abatorului, nr. 5",46.572975,26.885454,""
8293,"Bacau 7","Str. Stefan cel Mare, nr 32",46.58128396,26.91429206,""
3298,"Bacau/Ion Luca Caragiale","Str. I. L. Caragiale, nr. 6",46.564483,26.92335,""
3299,Bacau/Mioritei,"Str. Mioriţei, nr. 41",46.5694,26.894567,""
3195,"Bacau/Vadul Bistritei","Str. Vadul Bistriţei, nr. 15",46.572583,26.92005,""
11069,"Bascov/Paisesti DN","Str. Paisesti DN, nr. 131",44.89015797,24.82170061,""
10864,"BdL. Cetatii, nr 71-75","BdL. Cetatii, nr 71-75",45.7675268,21.2156903,""
7299,Braila,"Calea Calarasilor, nr 333A",45.23967,27.94736,""
3294,"Braila/Calea Dorobantilor 3D","Calea Dorobantilor, nr. 3D",45.256525,27.960676,""
7737,"Brasov Grivitei","Bulevardul Grivitei 47, BL. 32 B, B",45.6578,25.5977,""
3217,"Brasov/A.I. Cuza","Str. Al. Ioan Cuza, nr. 3",45.649668,25.597288,""
3139,Brasov/Turnului,"Str. Turnului, nr. 1",45.665369,25.609879,""
7212,"Brașov 8","Str. Grivitei, Nr. 2F",45.672819,25.589447,""
7954,"Brașov/ jus Brașov","Str.Cristianului, 1-3",45.658424,25.564962,""
7739,"Bucuresti Bulevardul Unirii15","Bulevardul Unirii, nr.15, bloc 3",44.4274,26.0977,""
7731,"Bucuresti Sfanta Vineri 21a","Strada Sfanta Vineri, nr.21A,parter",44.4304,26.107,""
3292,Bucuresti/Bratarii,"Str. Bratarii, nr. 2",44.423,26.180332,""
3182,"Bucuresti/Liviu Rebreanu","Str. Liviu Rebreanu, nr. 19",44.425467,26.167917,""
552,"CARREFOUR IASI","Str. Bucium, nr. 36, IASI",47.145043,27.610573,""
537,"CARREFOUR UNIRII","Bd Corneliu Coposu, nr 2, Sector 3, Bucuresti",44.428869,26.105817,""
1614,"Calea Bucuresti, 36","Calea Bucuresti, Nr. 36",44.866705,24.882742,""
1646,"Calea Circumvalatiunii, 35","Str. Circumvalutiunii, Nr. 35",45.75989,21.216942,""
7545,"Calea Dragasani, 11","Calea Dragasani, 11",44.842924,24.851688,""
8048,"Calea Motilor, nr 215","Calea Motilor, nr 215",46.092211,23.553822,""
11647,"Cluj Napoca Fabricii 11","Strada Fabricii, nr.11, bl. F5, ap.",46.7796,23.614,""
3384,"Cluj-Napoca/21 Dec 1989","Str. 21 Decembrie, nr. 95-97",46.777305,23.608332,""
9332,"Constanta Salcamilor","STR. SALCAMILOR NR.11, CONSTANTA",44.190999,28.635191,""
11167,"Constanta/Aurel Vlaicu","Constanta , Aurel Vlaicu, 158",44.17804058,28.59811896,""
3192,"Constanta/Baba Novac","Str. Baba Novac, nr. 195",44.189053,28.610369,""
3200,"Constanta/I.C. Bratianu","Bld. I. C. Bratianu, nr. 140",44.170694,28.604558,""
3265,"Constanta/Industriei Mici","Str. Industriei Mici, nr. 1",44.174336,28.635378,""
3587,"Craiova 5","B-dul. Nicolae Romanescu, nr. 39",44.295941,23.800141,""
6937,"Craiova 6","Str. Brestei, nr. 185",44.324389,23.772461,""
3212,Craiova/Bucuresti,"Calea Bucureşti, nr. 115",44.31545,23.826521,""
3230,Craiova/Caracal,"Str. Caracal , nr. 150 A",44.301547,23.820181,""
3173,"Craiova/George Enescu","Str. George Enescu, nr. 72 B, C, D",44.331419,23.782869,""
3211,Craiova/Maramures,"Str. Maramureş, nr. 4",44.326466,23.813131,""
7980,"Curtea de Argeș","Str. Barajului, nr. 10",45.144894,24.673525,""
10737,"Dambovitei 12-18","Dambovitei Nr. 12-18, Cluj Napoca",46.7799773,23.6180641,""
8816,"EXPR Bucuresti Unirii","Bdul. Unirii, nr 21",44.4274616,26.0973521,""
11313,"EXPRESS BUCURESTI PIATA ROSETTI","Piata Rosetti nr. 3, sector 2",44.4367131,26.1039942,""
10641,"EXPRESS IASI ESPLANADA","Str. Vasile Lupu nr. 82A si str. Han Tatar nr. 2",47.1598974,27.6109026,""
10647,"EXPRESS IASI PALAS","Palas Campus, Cladirea C+D, Str. Sf. Andrei, Nr. 39A",47.1569397,27.5787701,""
7882,"Expr CLUJ A. VLAICU8","Str, Aurel Vlaicu nr.8",46.7784032,23.6181303,""
8045,"Express Bucucuresti Ion Campineanu","Str. Ion Campineanu, nr. 11",44.43719,26.099013,""
7792,"Express Cluj Opera","Str. Baba-Novac nr. 19, Piata Stefan cel Mare nr.18",46.7701617,23.5970636,""
7774,"Express Iasi Costache Negri","Str. Costache Negri, nr. 12, Bl. G3, Et. Parter, Ap. Spatiu,",47.162273,27.590231,""
7522,"Express Iasi Gemi","Calea Galata, nr. 5-9, Bloc F3A, parter, Iasi,Judetul Iasi",47.1533203,27.5706596,""
11582,"Iasi Silvestru 11","Stradela Silvestru, nr.11, parter",47.1617,27.5739,""
7319,"Iasi Strapungere Silvestru 12","Strada Strapungerea Silvestru 12,",47.1674,27.569,""
3197,Iasi/Chimiei,"Bld. Chimiei, nr. 2A",47.153342,27.604882,""
3140,"Iasi/Pantelimon Halipa","Str. Pantelimon Halipa, nr. 3C",47.151981,27.572725,""
3244,Iasi/Primaverii,"Blvd. Primaverii, nr. 2",47.147546,27.593115,""
3142,"Iasi/Vasile Lupu","Str. Vasile Lupu, nr. 78",47.159956,27.610127,""
1385,"Kaufland Iasi Chimiei","Str. Chimiei, nr 2D",47.152081,27.606014,""
1413,"Kaufland Iasi Pavlov","Str. Teodor Răşcanu, Nr. 6A",47.161331,27.575749,""
8021,"Kaufland Iasi Tatarasi","Str.Aurel Vlaicu, Nr 54 A",47.15608125,27.62618577,""
751,"MARKET IASI","Str. Arcu nr. 29, Iasi",47.168953,27.56838,""
747,"MARKET IASI CIURCHI","str. Ciurchi nr. 146-150, parter, judetul Iasi",47.15585,27.624217,""
744,"MARKET IASI HALA CENTRALA","Str Anastasie Panu, Nr 46",47.161484,27.590418,""
743,"MARKET IASI IULIUS MALL","Complex Tudor Vladimirescu, Bd Tudor Vladimirescu, fara numar, Centrul Comercial Iulius Mall",47.155229,27.605797,""
749,"MARKET IASI MOLDOVA NOU","Str. Palat nr. 1, Iasi",47.160112,27.587583,""
599,"MARKET IASI TATARASI","Iaşi, Strada Tătăraşi nr. 73-75, judeţul Iaşi",47.162605,27.605356,""
6341,"MARKET PASCANI","str. 1 Decembrie 1918, nr. 62-64",47.2507,26.723802,""
806,"MARKET TIMISOARA PIATA 700","Str. Coriolan Brediceanu, nr.6 A",45.756383,21.222808,""
2114,"MI ACADEMIEI","ACADEMIEI, NR.2. PARTER",44.43419444,26.09961111,""
9497,"MI AGARBICEANU","ALEEA ION AGARBICEANU NR. 3-11",44.42383,26.171631,""
2299,"MI BRATIANU 2","I.C. BRATIANU, NR. 20",44.43225,26.10297222,""
9528,"MI Codrii Neamtului","CODRII NEAMȚULUI NR. 15, BLOC",44.421367,26.173717,""
9560,"MI EROILOR CJ","BD. EROILOR NR. 21, PARTER, AP",46.769944,23.593333,""
2306,"MI GHITA SERBAN","SOLDAT GHITA SERBAN NR. 55, DEMISOL",44.415,26.17277778,""
6421,"MI INDEPENDENTEI IS","BD. INDEPENDENTEI NR. 33, BL.",47.166246,27.590023,""
1841,"MI MINIS","STR.C-TIN.BRÎNCUŞI, NR.23, BL T4-T5",44.43052778,26.16505556,""
9654,"MI NATIONALA IS","SOS. NATIONALA, ET.PARTER, 55",47.151966,27.586227,""
6957,"MI NEWTON IS","VASILE LUPU NR. 78, BL. N6, PA",47.159413,27.60962,""
2094,"MI PALEOLOGU","CALEA MOSILOR NR. 101",44.43636111,26.11075,""
6402,"MI PODU ROS IS","STR. NICOLINA, BL. F, SC. E SI",47.149859,27.588052,""
2129,"MI REGINA ELISABETA","BDUL REGINA ELISABETA NR. 50",44.43486111,26.08966667,""
1812,"MI TITAN","STR. LIVIU REBREANU, NR. 13-15",44.42577778,26.16541667,""
1951,"MI TITAN MALL","BDUL LIVIU REBREANU, NR.6",44.42386111,26.16136111,""
9993,"MI VAMA VECHE IS","GARII NR. 22",47.163574,27.58255,""
7305,"Market Brasov Muresanilor","Str. Sfantul Ioan, nr. 2, parter, ap. 1",45.644624,25.590073,""
8246,"Market Minis","Aleea Barajul Dunarii nr. 3",44.428679,26.167586,""
8158,"Oradea 6","Str. Ogorului 154 A",46.777305,23.608332,""
11320,"Oradea Decebal 18B","Bulevardul Decebal, nr. 18B Bulevardul Decebal, nr. 18, bl. D 1",47.0658,21.9236,""
11306,"Oradea Piata Unirii 7","Strada Unirii, numarul 7,Oradea",47.0536,21.928,""
3286,Oradea/Borsului,"Calea Borsului, nr. 6C",47.076183,21.901843,""
3189,Oradea/Fabricilor,"Str. Fabricilor, nr. 2",47.083741,21.916788,""
3159,"Oradea/Tudor Vladimirescu","Bld. T. Vladimirescu, nr. 87",47.063309,21.913303,""
6450,"PROFI BUCURESTI BLD.1 DECEMBRIE1918","Bulevardul 1 Decembrie 1918 nr.21",44.4241,26.1776,""
6318,"PROFI BUCURESTI N. GRIGORESCU 20","B-dul Nicolae Grigorescu nr 20",44.4213334,26.1637942,""
5381,"PROFI IASI CIURCHI","Str.Ciurchi Nr 121,Parter",47.15536926,27.62031706,""
5897,"PROFI IASI(ALEXANDRU PIATA)","Bd. Alexandru cel Bun Nr.22,Bl.H8",47.16229679,27.56789148,""
5940,"PROFI IASI(INDEPENDENTEI)","Bd.Independentei nr 19-25",47.16639927,27.58765867,""
5903,"PROFI IASI(METALURGIEI)","Bd.Chimiei Nr.35,Bl. F2-1, SC. A,B,",47.15242947,27.61765507,""
5426,"PROFI PLOIESTI DELTA","Str Deltei nr 1",44.94819381,25.99668324,""
3143,Pascani/Moldovei,"Str. Moldovei, nr.17",47.247666,26.712998,""
3162,Petrosani/Oituz,"Str. Oituz, nr. 2 A",45.407228,23.372816,""
8115,"Pitesti 5","Str. Depozitelor nr 17",44.8661399,24.87061834,""
3155,"Pitesti/Nicolae Balcescu","Bld. Nicolae Bălcescu, nr. 165",44.876217,24.844833,""
3205,Pitesti/Petrochimistilor,"Str. Petrochimiştilor, nr. 2-119",44.839744,24.896421,""
3252,Pitesti/Razboieni,"Str. Razboieni, nr. 1",44.845857,24.876294,""
7104,"Ploiesti 4","Piata 1 Decembrie, nr. 1",44.927028,26.034278,""
8151,"Ploiesti 6","Str. Targovistei, nr. 4",44.940841,25.989378,""
3190,Ploiesti/Libertatii,"Str. Libertăţii, 2A",44.9275,25.991167,""
3170,Ploiesti/Republicii,"Bld. Republicii, nr. 291",44.950933,25.999067,""
9184,Rebreanu,"Rebreanu, 6A, Bucuresti",44.424559,26.161408,""
9955,"SG 1 DECEMBRIE 1918 1","BD. 1 DECEMBRIE 1918, NR. 1, BL. 9, PARTER",44.425911,26.17850139,""
2107,"SG 1 DECEMBRIE 25","BD1 DECEMBRIE 1918 NR25, BLOC 46",44.42297222,26.17763889,""
2070,"SG 1 DECEMBRIE 28","BD. 1 DECEMBRIE 1918 NR. 28 – 30 ,",44.42694444,26.17813889,""
9752,"SG 13 DECEMBRIE 117","13 SEPTEMBRIE NR 117, AP PARTE",45.66425,25.608417,""
2031,"SG A. CALINESCU 26","STR. ARMAND CALINESCU NR. 26 , SECT",44.43936111,26.10955556,""
2178,"SG AUREL VLAICU 107","BD. AUREL VLAICU NR107, BLOC AV4, P",44.17611111,28.60505556,""
9774,"SG BARAOLT 3A","BARAOLT NR. 3A, BL. E, PARTER",44.934413,25.987888,""
2029,"SG C BUCURESTI 24","STR. CALEA BUCURESTI, NR. 24,BL. S4",45.64575,25.62075,""
9781,"SG CAL. BUCURESTI 89","CALEA BUCURESTI NR. 89",46.781686,23.611528,""
9784,"SG CAMIL PETRESCU 3A","STR. CAMIL PETRESCU, NR. 3A, E",45.66808,25.614665,""
2232,"SG CAROL 23","BD-UL CAROL I,NR.23, BLOC P+9, PART",44.43594444,26.10494444,""
6397,"SG CIOCARLIEI 43-45","CIOCARLIEI NR. 43-45, P, AP. 4",46.779917,23.613667,""
9798,"SG CIRCUMVALATIUNII 49","CIRCUMVALATIUNII NR. 49, BL.51",45.76323,21.220473,""
9809,"SG COLONEL NICOLAE IOSIF ALBU 62","IOSIF ALBU NR. 62 B",44.41718,26.177268,""
7072,"SG CONSTANTA 10","CONSTANTA NR. 10",46.775148,23.594946,""
2253,"SG COVACI 14","COVACI NR. 14, PARTER",44.43041667,26.10247222,""
9802,"SG Ciurchi 121M","STR. CIURCHI NR. 121M",47.155527,27.620768,""
2254,"SG D. CANTEMIR 2B","BD-UL DIMITRIE CANTEMIR NR. 2B, BL",44.42444444,26.10330556,""
2277,"SG DACIA 22","BD-UL DACIA NR. 22, PARTER",44.44677778,26.09555556,""
2072,"SG DIONISIE LUPU 64","STR. DIONISIE LUPU NR.64-66",44.44355556,26.10133333,""
9813,"SG DIONISIE MIC 60","DIONISIE CEL MIC NR. 60, BL. 4",44.1907,28.62348,""
9820,"SG DOROBANTILOR 20","DOROBANTILOR NR. 18-20",46.771553,23.602072,""
2062,"SG E GRIGORESCU 1","STR. EREMIA GRIGORESCU, NR. 1, PART",44.44430556,26.10355556,""
2263,"SG EDGAR QUINET 8-10","EDGAR QUINET NR. 8-10, PARTER",44.43558333,26.09913889,""
2188,"SG ELISABETA 25","BD. REGINA ELISABETA NR. 25, PARTER",44.43397222,26.09736111,""
9831,"SG FABRICII 4","STR. FABRICII, NR. 4, AP. 280",46.78291,23.622428,""
2162,"SG FERDINAND 118","BD. FERDINAND NR.118, BLOC MTTC",44.16972222,28.63183333,""
9839,"SG GHEORGHE LAZAR 40","GHEORGHE LAZAR NR. 40",45.762227,21.214256,""
2459,"SG GORUNULUI 7B","STR. GORUNULUI 7B, P",46.77930667,23.60561639,""
9856,"SG IOAN DRAGALINA 47","GENERAL IOAN DRAGALINA, NR. 47",45.749556,21.207512,""
2110,"SG ION CAMPINEANU 26","STR. ION CAMPINEANU NR.26",44.438,26.09511111,""
2351,"SG ITALIANA 18","ITALIANA NR.18, P",44.43855556,26.10747222,""
2039,"SG J.L CALDERON 57","STR. J.L. CALDERON , NR. 57",44.44152778,26.10483333,""
2143,"SG KOGALNICEANU 1","BD. KOGALNICEANU, NR. 1",44.43511111,26.08791667,""
9868,"SG M. CEL BATRAN 1","STR. MIRCEA CEL BATRAN NR. 1",47.155656,27.569135,""
2136,"SG MANTULEASA 22","MANTULEASA NR. 22, PARTER",44.43588889,26.11355556,""
2055,"SG N. BALCESCU 27-33","BD. N. BALCESCU NR. 27-33, SECT.1,",44.43938889,26.10086111,""
9875,"SG N. BALCESCU 3-5","BD. N. BALCESCU NR. 3-5, PARTE",44.4368,26.100455,""
2069,"SG N. GRIGORESCU 20","BD. N. GRIGORESCU NR.20, PARTER",44.42127778,26.16302778,""
2244,"SG N.GRIGORESCU 20/2","BD-UL NICOLAE GRIGORESCU, NR. 20",44.42166667,26.16352778,""
2067,"SG NATIUN.UNITE 3-5","PIATA NATIUNILE UNITE NR3-5, BLOCB2",44.42905556,26.09536111,""
2041,"SG NATIUNILE UNITE 8","BLD NATIUNILE UNITE NR. 8, BLOC 104",44.43008333,26.09197222,""
9886,"SG OCTAVIAN GOGA 9","OCTAVIAN GOGA, NR. 9, BL 290,",45.663193,25.606682,""
6992,"SG PANT. HALIPA 4A","PANTELIMON HALIPA, NR. 4A, BL.",47.16972,27.57063,""
9891,"SG Palat 1","STR PALAT NR 1, PARTER",47.159663,27.58788,""
2463,"SG REPUBLICII 197","BD.REPUBLICII, NR.197,SC.2,P,AP.A2",44.95115972,26.00043806,""
2239,"SG SOVEJA 55","SOVEJA NR. 55, BLOC 18, SC. B, PART",44.19658333,28.62422222,""
2056,"SG SPLAIUL UNIRII 8","SPLAIUL UNIRII NR. 8, BLOC B4, PART",44.42497222,26.10741667,""
2219,"SG STELIAN MIHALE 19","STELIAN MIHALE NR. 19",44.41547222,26.16752778,""
2457,"SG Sfanta Vineri 21A","SFANTA VINERI NR.21A, P",44.43063889,26.10694444,""
9915,"SG Sfanta Vineri 25","SFANTA VINERI NR. 25, BL. 105C",44.429493,26.10829,""
2444,"SG TIMIS 12","TIMIS, NR.12, P",45.76572222,21.21786111,""
2446,"SG TRAIAN 36","TRAIAN, NR.36, CORP A, PARTER",46.77858667,23.59128667,""
2216,"SG TULCEI 10","TULCEI NR. 10, BLOC TM3, PARTER",44.20177778,28.61941667,""
1969,"SG UNIRII 23","BD. UNIRII NR. 23, BLOC 13, PARTER",44.42791667,26.09933333,""
2421,"SG VALEA CETATII 17","BD-UL VALEA CETATII NR.17, BL A27C",45.63297222,25.60616667,""
2098,"SG VASILE GOLDIS 2A","ALEEA VASILE GOLDIS,NR. 2 A",44.42863889,26.17305556,""
9927,"SG VASILE LASCAR 33","VASILE LASCAR NR. 33, PARTER",44.440657,26.108603,""
9928,"SG VASILE LUPU 152","VASILE LUPU NR. 152, BL. J1-1,",47.153213,27.622228,""
10897,"SOSEAUA NATIONALA 11E, IASI","SOSEAUA NATIONALA 11E, IASI",47.1654845,27.5650481,""
8781,"STR LIVIU REBREANU 30","STR LIVIU REBREANU 30",44.4232102,26.1749627,""
11560,"STR. EROILOR NR,30","STR. EROILOR NR,30, CURTEA DE ARGES",45.159274,24.671476,""
8229,"STR. L. REBREANU 95, ARAD, Jud Arad","STR. L. REBREANU 95, ARAD, Jud Arad",46.1812715,21.2925325,""
1716,"Sos. Buzaului, 16","Sos. Buzaului, Nr. 16, Braila",45.2477622,27.9373409,""
7976,"Stefănești","Str. Fitotron, Nr 2",44.864006,24.914683,""
1525,"Str. 1 Dec 1918, 33","Bdul 1 Dec. 1918, Nr. 33, Sector 3",44.4198466,26.1762712,""
1650,"Str. Aluminiului, 6","Str. Aluminiului, Nr. 6",45.668558,25.598004,""
7042,"Str. Amaradia, nr. 28","Str. Amaradia, nr. 28",44.327052,23.792636,""
1512,"Str. Aristizza Romanescu, Nr. 1","Str. Aristizza Romanescu, Nr. 1",44.335612,23.772802,""
1551,"Str. Bumbacului/Poetului, 1C","Str. Poetului, Nr. 1/C",46.194409,21.3087,""
1635,"Str. Carpatilor, 14","Str. Carpatilor, Nr. 14",45.642811,25.617007,""
1584,"Str. Clujului, 79-83","Str. Clujului, Nr. 81",46.1027642,23.5434542,""
1576,"Str. Condurasilor, 21 - 23","Str. Condurasilor, Nr. 25-27, Ap 1 si 2",46.166006,21.298195,""
6382,"Str. Eliberarii, 1D","Str. Eliberarii, nr. 1D",44.176892,28.623552,""
1712,"Str. Fabricilor, 10","Cal. Calarasilor, nr. 243",45.255296,27.958604,""
1600,"Str. Gradinitei, 25","Str. Gradinitei, Nr. 25",47.246622,26.713044,""
1562,"Str. Mihai Viteazul, 11","Str. Mihai Viteazul, Nr.11",45.418644,23.368562,""
1627,"Str. Milcov, 7","Str. Milcov, Nr. 7",45.244681,27.943905,""
6845,"Str. Nicolae Titulescu, Nr. 3, Arad","Str. Nicolae Titulescu, Nr. 3",46.169355,21.338326,""
1719,"Str. Pantelimon Halipa, 12A","Str. Pantelimon Halipa, Nr 12A, Iasi",47.150252,27.573029,""
1549,"Str. Republicii","Str. Republicii, FN",45.44692,23.388227,""
1634,"Str. Transilvaniei, 74","Str. Transilvaniei, Nr. 74",46.314305,23.724739,""
1701,"Str. Tudor Vladimirescu, 80","Str. Tudor Vladimirescu, Nr. 80, Alba Iulia",46.08542466,23.58730129,""
1542,"Str. Tudor Vladimirescu, 86","Str. Tudor Vladimirescu, Nr. 86",47.062492,21.9127563,""
10940,"Str. Tudor Vladimirescu, nr 115,Calafat, Dolj","Str. Tudor Vladimirescu, nr 115,Calafat, Dolj",43.982478,22.932552,""
1683,"Str. V.V. Stanciu, 213, Sector 4","Str. V.V. Stanciu, Nr. 213, Sector 4",44.4285292,26.1080278,""
6358,"Strada 23 August, 234-238","Strada 23 August Nr. 234-238, Otopeni",44.439663,26.096306,""
7805,"Strada Nicolae Balcescu 3","Strada Nicolae Balcescu 3",46.566908,26.910679,""
7264,"Supeco Iasi","Calea Chisinaului nr. 29, Iasi, jud. Iasi",47.14701879,27.61361837,""
7266,"Supeco Titan","Str. Postavarul, nr. 24-52, Sector 3, Bucuresti",44.41565629,26.17043627,""
7918,"Super Minis","Aleea Barajul Dunarii, Nr 12A",44.428679,26.167586,""
7025,"Timişoara 8","Calea Circumvalatiunii, nr. 4",45.754066,21.216325,""
1630,"Zona microhala, Hipodrom 737","Zona Microhala, Hipodrom",45.264312,27.95369,""
2523,"ATAC by Auchan Bartolomeu","Sos Cristianului nr. 5",45.657251,25.562193,AUCHAN
2552,"AUCHAN BRASOV CORESI","Str. Zaharia Stancu nr. 1",45.672651,25.617222,AUCHAN
8760,"AUCHAN BUCIUM","",47.14322,27.60637,AUCHAN
2531,"AUCHAN CITY CRANGASI","Bd. Constructorilor nr. 16A sector 6",44.457721,26.040401,AUCHAN
2524,"AUCHAN CLUJ IRIS","Bd. Muncii nr. 1-15",46.799491,23.611253,AUCHAN
2525,"AUCHAN CLUJ IULIUS MALL","Str. Alexandru Vaida Voievod nr. 53B",46.772941,23.629104,AUCHAN
8756,"AUCHAN CLUJ VIVIDO","",46.77406968,23.61853212,AUCHAN
2527,"AUCHAN CONSTANTA","Bd. Aurel Vlaicu nr. 220",44.198538,28.609828,AUCHAN
2528,"AUCHAN COTROCENI","Str. Vasile Milea nr. 4 sector 6",44.430546,26.052124,AUCHAN
2529,"AUCHAN CRAIOVA","Calea Bucuresti nr. 80",44.311858,23.832315,AUCHAN
8757,"AUCHAN CRAIOVA UNIVERSITARIA","",44.31798708,23.79912322,AUCHAN
2530,"AUCHAN CRAIOVITA","Calea Severinului nr. 5A",44.32761,23.775139,AUCHAN
8759,"AUCHAN MIROSLAVA","",47.14682,27.5258,AUCHAN
8746,"AUCHAN OBOR","",44.45024316,26.12585055,AUCHAN
2537,"AUCHAN ORADEA","Str. Ogorului nr. 171",47.046624,21.909204,AUCHAN
2540,"AUCHAN PITESTI GAVANA","Str. Dobrogeanu Gherea nr. 1",44.886736,24.830087,AUCHAN
2541,"AUCHAN PLOIESTI","Comuna Blejoi, Sat Blejoi nr. 1200",44.944842,25.964964,AUCHAN
2547,"AUCHAN TIMISOARA","Str Demetriade nr. 1",45.766715,21.228517,AUCHAN
2548,"AUCHAN TIMISOARA NORD","Calea Aradului nr. 56A",45.785643,21.221505,AUCHAN
2551,"AUCHAN VITAN","Calea Vitan nr. 236 sector 3",44.408012,26.139529,AUCHAN
10784,"Auchan Exigent","Bd. Timisoara nr. 14A, Corp C1",44.4288335,26.042061,AUCHAN
10026,"Auchan U Center","Strada. Calea Serban Vodă, Nr. 206-218",44.4129462,26.1023186,AUCHAN
531,"CARREFOUR BRAILA 1","DN 21, Sat Varsatura, Com Chiscani",45.229946,27.937331,CARREFOUR
546,"CARREFOUR BRASOV","Calea Bucurestilor, nr 107",45.631536,25.639697,CARREFOUR
549,"CARREFOUR CONSTANTA","Bd Tomis, nr 391",44.213541,28.606274,CARREFOUR
535,"CARREFOUR MEGA MALL","B-dul Pierre de Coubertin nr. 3-5, Centrul Comercial Mega Mall, nivelul -1",44.4427,26.151984,CARREFOUR
536,"CARREFOUR OBOR","Strada ziduri Mosi, nr. 23, sector 2 Bucuresti",44.451167,26.130611,CARREFOUR
543,"CARREFOUR ORADEA","Str Nufarului, nr 30",47.036168,21.948602,CARREFOUR
544,"CARREFOUR ORADEA ERA","Calea Aradului, nr 62",47.041374,21.903382,CARREFOUR
541,"CARREFOUR ORHIDEEA","Splaiul Independentei, nr 210-210B",44.444796,26.062274,CARREFOUR
539,"CARREFOUR PARK LAKE","Liviu Rebreanu, nr. 4, sector 3, Bucuresti",44.420493,26.150706,CARREFOUR
10653,"CARREFOUR PITESTI2","Str. Tudor Vladimirescu nr. 37, Pitesti, Arges",44.8479783,24.9005581,CARREFOUR
559,"CARREFOUR PLOIESTI","DN 1B, Km 6, com Blejoi",44.966468,25.970757,CARREFOUR
563,"CARREFOUR TIMISOARA","Calea Sagului Nr. 100",45.725789,21.202717,CARREFOUR
540,"CARREFOUR VULCAN","Str. Mihail Sebastian nr. 88",44.417409,26.073378,CARREFOUR
8814,"EXPR Oradea Dacia","B-dul Dacia nr. 60",47.0707545,21.919969,CARREFOUR
11554,"EXPRESS BACAU MILCOV","Str. Milcov nr. 55, Bacau",46.549817,26.918951,CARREFOUR
10032,"EXPRESS BRASOV ARGHEZI","str. Tudor Arghezi, nr 8, bl. 38, Brasov",45.6673748,25.6179047,CARREFOUR
11568,"EXPRESS BRASOV REPUBLICII","Brașov, Strada Republicii nr. 59, ap. 9, jud. Brașov",45.64453,25.592347,CARREFOUR
11067,"EXPRESS BRASOV COSMOPOLIT","Str. Mihai Viteazul, nr. 1, Brasov",45.653541,25.60167,CARREFOUR
11576,"EXPRESS CONSTANTA DEZROBIRII","Strada Dezrobirii nr. 92, lot 1, parter, jud. Constanța",44.179207,28.613276,CARREFOUR
11215,"EXPRESS CONSTANTA STEFAN CEL MARE","Str. Stefan cel Mare nr. 24, bloc M6, parter, jud CT",44.1790723,28.6458941,CARREFOUR
10948,"EXPRESS ORADEA LUCEAFARUL","Str. Episcop Dr. Vasile Coman nr. 5 / bloc Luceafarul",47.053985,21.9126292,CARREFOUR
10511,"EXPRESS TIMISOARA SFINTII APOSTOLI","Str. Sfintii Apostoli Petru si Pavel nr. 21",45.7755699,21.2370511,CARREFOUR
8327,"Expr Alba Iulia Revolutiei","str. Revolutiei 1989, nr 12B",46.0724223,23.5566425,CARREFOUR
8885,"Expr Cluj Scortarilor","Str. Scortarilor, nr. 12",46.77878,23.6039585,CARREFOUR
8806,"Express Brasov Dimitrie Anghel","Str. Dimitrie Anghel nr 20",45.669218,25.576175,CARREFOUR
7600,"Express Brasov Grandis","Str. Stefan Baciu nr. 64, jud. Brasov, Brasov",45.67425696,25.59993623,CARREFOUR
8071,"Express Brasov Iuliu Maniu","Strada Iuliu Maniu, nr 43",45.64985296,25.60217708,CARREFOUR
7791,"Express Brasov LC Babes","Str. Liviu Babes nr 3",45.639235,25.627823,CARREFOUR
8867,"Express Cluj Bradutului","Str. Bradutului nr. 25",46.7552169,23.5987962,CARREFOUR
9979,"Express Cluj Fabricii","str. Fabricii 3, Cluj",46.780724,23.613743,CARREFOUR
7721,"Express Constanta Mangaliei","Soseaua Mangaliei nr. 74,",44.1599256,28.6286543,CARREFOUR
7220,"Express Oradea6 Republicii","Str. Republicii, Nr. 1, Oradea, Judet Bihor",47.056776,21.931523,CARREFOUR
8090,"Express Ploiesti Doja","Str. Gh. Doja, nr. 101C",44.9452535,26.0200057,CARREFOUR
8790,"Express Timisoara Protopop","Bdul Take Ionescu 46B",45.759039,21.243086,CARREFOUR
9981,"Hyper Alba Iulia","Strada Alexandru Ioan Cuza nr.2",46.0882111,23.5923424,CARREFOUR
10224,"Hyper Arad","Calea Aurel Vlaicu, nr.14, Arad",46.1924819,21.3132067,CARREFOUR
7219,"Hyper Brasov9 Afi","Bd. 15 Noiembrie nr.78, Brasov, jud. Brasov",45.6489678,25.6111427,CARREFOUR
10017,"Hyper Craiova","Calea Severinului, nr.61",44.3316509,23.7705857,CARREFOUR
7819,"Hyper Ploiesti Democratiei","Piata 1 Decembrie 1918 nr.1",44.93619185,26.0290267,CARREFOUR
634,"MARKET ARAD","Str Tunarilor, nr 1A, Faleza Sud",46.16298,21.290141,CARREFOUR
575,"MARKET ARAD AVRAM IANCU","Piata Avram Iancu, nr 18, Arad",46.170166,21.315593,CARREFOUR
639,"MARKET ARAD ZIRIDAVA","Str. Revoluţiei nr. 39-43, Arad",46.17984,21.322017,CARREFOUR
649,"MARKET BACAU PIATA CENTRALA","Str Dumbravei Nr 4, Parter, Bl 4, Sc A",46.56751,26.914874,CARREFOUR
648,"MARKET BACAU PIATA SUD","Bacau, Str. Marasesti nr. 98, jud. Bacau;",46.547374,26.914593,CARREFOUR
650,"MARKET BACAU REPUBLICII","Strada Republicii nr. 74",46.567511,26.914874,CARREFOUR
654,"MARKET BACAU2","Str. Mioritei nr. 27, Bacau",46.571463,26.898678,CARREFOUR
3555,"MARKET BACAU7 PRIETENIEI","Str Prieteniei Nr. 14",46.577878,26.909645,CARREFOUR
667,"MARKET BRAILA DUNAREA","Complexul Comercial Dunarea, Str. M. Eminescu, nr. 90",45.26948,27.957523,CARREFOUR
670,"MARKET BRASOV","Str Crisului, nr 18",45.640838,25.616426,CARREFOUR
676,"MARKET BRASOV 8 13 DECEMBRIE","Str. 13 Decembrie nr. 55, 57, 59 si str. Aurel Vlaicu nr. 112,110, bl. 23, parter",45.658927,25.606799,CARREFOUR
671,"MARKET BRASOV ASTRA","Calea Bucuresti, Nr 71, Parter",45.644378,25.623512,CARREFOUR
678,"MARKET BRASOV COSMOS","Str. Uranus nr. 1, Brasov",45.643298,25.630741,CARREFOUR
674,"MARKET BRASOV ITC","Bd. Alexandru Vlahuta nr. 10",45.653487,25.624551,CARREFOUR
675,"MARKET BRASOV PRIVILEGIO","Str. Traian nr. 4, scara A+B, parter",45.649611,25.621797,CARREFOUR
673,"MARKET BRASOV VICTORIEI","Bd. Victoriei nr. 4",45.657955,25.612844,CARREFOUR
677,"MARKET BRASOV ZORILOR","Str. Zorilor nr. 4, Brasov",45.638486,25.620906,CARREFOUR
613,"MARKET BUCURESTI BARBU VACARESCU","Bd. Barbu Vacarescu nr. 146-158, Bucuresti",44.464591,26.110211,CARREFOUR
609,"MARKET BUCURESTI DOROBANTI","Calea Dorobanţilor nr. 31-33, Bucuresti",44.448479,26.098353,CARREFOUR
569,"MARKET BUCURESTI DRISTOR","Str. Dristorului nr. 91-95, New Town Residence, Building A, parter, Bucuresti",44.422953,26.138829,CARREFOUR
614,"MARKET BUCURESTI FERDINAND","Bd. Ferdinand I nr. 118, Bucuresti",44.444217,26.13044,CARREFOUR
610,"MARKET BUCURESTI PROMENADA","Calea Floreasca nr. 246B, Bucuresti",44.479062,26.103258,CARREFOUR
608,"MARKET CARAMFIL","Str Nicolae Caramfil, Nr 71-73",44.48217,26.092143,CARREFOUR
690,"MARKET CLUJ","Str Bucegi, nr 19",46.755009,23.5601,CARREFOUR
580,"MARKET CLUJ AUREL VLAICU","Str Aurel Vlaicu, nr 1, Cluj",46.779047,23.614884,CARREFOUR
586,"MARKET CLUJ BUCEGI","Str. Bucegi nr. 7, Cluj Napoca, Jud. Cluj",46.753881,23.554753,CARREFOUR
694,"MARKET CLUJ CENTRAL","Str. Regele Ferdinand nr. 22-26, Cluj-Napoca",46.773275,23.58997,CARREFOUR
582,"MARKET CLUJ DUNAREA","Str Dunarii, nr 26, cluj",46.776516,23.629791,CARREFOUR
583,"MARKET CLUJ MINERVA DIANA","Strada Lacramioarelor, Nr.2, Cluj Napoca, Judet Cluj",46.759401,23.61458,CARREFOUR
695,"MARKET CLUJ NAPOCA ZORILOR","Str. L. Pasteur nr. 75-77, Cluj-Napoca",46.754903,23.578138,CARREFOUR
581,"MARKET CLUJ NICOLAE TITULESCU","Bdul. Nicolae Titulescu, Nr. 4, Cluj Napoca, Judet Cluj",46.76807,23.602877,CARREFOUR
585,"MARKET CLUJ OBSERVATORULUI","Strada Observatorului, Nr 109 A, Cluj-Napoca",46.753979,23.584947,CARREFOUR
706,"MARKET CONSTANTA 1 DECEMBRIE","Strada 1 Decembrie 1918, Nr 10, Bloc L52A",44.185072,28.63525,CARREFOUR
701,"MARKET CONSTANTA ANTONIADIS","Str Stefan cel Mare Nr 72",44.175605,28.642961,CARREFOUR
704,"MARKET CONSTANTA CIRESICA","Str Cismelei Nr 2C (Fost Nr 8)",44.211289,28.624681,CARREFOUR
702,"MARKET CONSTANTA PIATA CET","Aleea Albatros, Nr 4, Bl AV23",44.160474,28.610679,CARREFOUR
709,"MARKET CONSTANTA RASCOALA","Str. Rascoala din 1907 nr. 8, Constanta",44.178804,28.650461,CARREFOUR
705,"MARKET CONSTANTA TIC TAC","Str Cismeliei Nr 16, Bl B5",44.208108,28.622825,CARREFOUR
708,"MARKET CONSTANTA TOMIS","Bd. Tomis nr. 235, Constanta",44.196064,28.632811,CARREFOUR
717,"MARKET CRAIOVA","Bd 1 Mai, nr 78, Piata 1 Mai",44.303428,23.795228,CARREFOUR
3547,"MARKET CRAIOVA 9 VALEA ROSIE","Str. G-ral Magheru nr. 130",44.3082575,23.8128947,CARREFOUR
719,"MARKET CRAIOVA BD. OLTENITEI","Bd. Olteniei, nr. 1E, Craiova",44.337091,23.770046,CARREFOUR
718,"MARKET CRAIOVA CALEA BUCURESTI","Str. Calea Bucuresti nr. 40-42-44, bl. P3, P4, P5, Craiova, jud. Dolj",44.316641,23.816393,CARREFOUR
590,"MARKET CRAIOVA NICOLAE IORGA","Craiova, str. Nicolae Iorga, nr. 122-124, Bl A44-A45, Craiova jud. Dolj",44.323006,23.823091,CARREFOUR
721,"MARKET CRAIOVA PIATA CENTRALA","Str. Calea Bucuresti nr. 51B, Craiova, Piata Centrala",44.319761,23.806557,CARREFOUR
3095,"MARKET CRAIOVA SPLIT PIATA 1 MAI","Craiova, str. Tabaci, nr. 2- Piata 1 Mai, jud. Dolj",44.306292,23.791151,CARREFOUR
628,"MARKET CRANGASI","Calea Crangasi, Nr 87",44.453261,26.049432,CARREFOUR
597,"MARKET IASI CIRIC","Iasi, Stradela Ciric nr, 2, judetul Iasi",47.143522,27.577425,CARREFOUR
598,"MARKET IASI PACURARI","Iasi, Soseaua Pacurari, nr 23, Jud Iasi",47.174363,27.547244,CARREFOUR
745,"MARKET IASI SALCIILOR","Str. Salciilor Nr 8, tronson II, parter, Bl 828",47.143465,27.577515,CARREFOUR
6377,"MARKET IASI13 DACIA","bdul Dacia nr. 61-63, bl DD 8-9, parter",47.166561,27.547174,CARREFOUR
3554,"MARKET ORADEA 4 REPUBLICII","Str. Republicii nr. 30, ap. subsol",47.062307,21.937785,CARREFOUR
662,"MARKET ORADEA PIATA CETATII","Str. Piaţa Cetatii nr. 1, Oradea",47.050559,21.937428,CARREFOUR
4968,"MARKET ORADEA5 XENOPOL","str. Xenopol, nr. 39",47.056122,21.912007,CARREFOUR
739,"MARKET PETROSANI 1 DECEMBRIE","Bd. 1 Decembrie 1918 nr. 135, Petrosani",45.409573,23.376035,CARREFOUR
750,"MARKET PIATA VOIEVOZILOR","Piaţa Voievozilor nr. 1, bl. A8-A9, Iasi",47.162831,27.564335,CARREFOUR
645,"MARKET PITESTI","Str. Victoriei nr.85",44.857869,24.871805,CARREFOUR
3545,"MARKET PITESTI ALBINA","Str. Alunului, nr.27, bl.C17",44.873313,24.840861,CARREFOUR
3550,"MARKET PITESTI5 FRATII GOLESTI","str. Fratii Golesti, nr 61, bl S9A",44.844143,24.890877,CARREFOUR
783,"MARKET PLOIESTI","Bulevardul Republicii, nr 17 – 25 Centru Comercial WINMARKT GRAND CENTER",44.941481,26.020877,CARREFOUR
784,"MARKET PLOIESTI BIG","Centrul Comercial Big , Str. 1 Decembrie 1918, nr. 4, Ploiesti",44.925892,26.028762,CARREFOUR
786,"MARKET PLOIESTI CINEMA","Str. Inelului, nr. 3",44.934203,25.989151,CARREFOUR
785,"MARKET PLOIESTI DACIA","Blvd Republicii Nr 177, Bl 10E",44.948174,26.008117,CARREFOUR
787,"MARKET PLOIESTI LIBERTATII","Str. Libertăţii nr. 4, Ploiesti",44.926983,25.992806,CARREFOUR
647,"MARKET STEANESTII DE ARGES","Stefanesti 56B Coasta Campului, judet Arges",44.865538,24.923137,CARREFOUR
803,"MARKET TIMISOARA","Str Carol Telbisz, nr 3",45.755592,21.2308,CARREFOUR
804,"MARKET TIMISOARA","Piata Dacia, Str. Burebista nr. 11, Timisoara",45.765083,21.21784,CARREFOUR
809,"MARKET TIMISOARA 1 DECEMBRIE","Str 1 Decembrie, Bd. Eroilor de la Tisa nr. 22, jud. Timis",45.745973,21.240214,CARREFOUR
3575,"MARKET TIMISOARA 10 PIATA TRAIAN","Piata Traian nr. 7, parter",45.757462,21.249492,CARREFOUR
808,"MARKET TIMISOARA BOGDANESTILOR","bd-ul cetatii, nr 1A",45.745973,21.240214,CARREFOUR
805,"MARKET TIMISOARA CLASIC","Bd. Dambovita, nr 49A",45.733729,21.201382,CARREFOUR
810,"MARKET TIMISOARA IOSIF BULBUCA","Str. Liviu Rebreanu nr. 160 (Str. Iosif Bulbuca nr. 12 ???), Timisoara",45.737212,21.244786,CARREFOUR
812,"MARKET TIMISOARA SAGULUI","Str. Gh.Ranetti nr. 28, Timisoara",45.733074,21.212691,CARREFOUR
807,"MARKET TIMISOARA URANUS","Str. Uranus nr. 9 colt cu Str. Cristalului 9, 11, 13 Timisoara, Jud. Timis",45.735048,21.246248,CARREFOUR
8275,"Market Bacau Marasesti","Calea Marasesti Nr 114",46.547374,26.914593,CARREFOUR
8027,"Market Braila 1 Decembrie","Str. Transilvaniei nr. 1-5",45.272031,27.954497,CARREFOUR
7519,"Market Brasov Star","Str. Nicolae Balcescu nr. 62, Brasov",45.643854,25.597915,CARREFOUR
8017,"Market Cluj 13 Gara Mica","Piata Garii 1-3",46.784056,23.586643,CARREFOUR
8033,"Market Petrosani","Str Horea, nr 7",45.419984,23.369004,CARREFOUR
7773,"Market Razoare","Sos Panduri nr 71, Sector 5, Bucuresti",44.427314,26.065965,CARREFOUR
9986,"Super Bucuresti Grozavesti","Str. Economu Cezarescu 34-42, sector 6, Bucuresti",44.441389,26.0547474,CARREFOUR
10377,"Super Craiova Fagaras","Str. Fagaras nr. 3-5, Craiova",44.3291396,23.7889141,CARREFOUR
8323,"Super Iasi Niciman","Str. Niciman nr. 2",47.1729653,27.55857586,CARREFOUR
7469,"Super Iasi10 Bucium","Iasi, Sos. Bucium nr. 17, Judet Iaşi",47.135147,27.60957,CARREFOUR
7817,"Super Timisoara Bucovinei","Timisoara, str. Bucovinei nr. 47",45.7705451,21.2094917,CARREFOUR
2513,"CORA BACAU","Str. Milcov NR. 2-4",46.56227,26.92188794,CORA
2510,"CORA BRATIANU","Str. Cumpenei NR. 2",44.1693893,28.6115788,CORA
2511,"CORA CITY PARK","Bld. Alexandru Lapusneanu NR. 116C",44.16944225,28.61182522,CORA
2507,"CORA LUJERULUI","Bld. Iuliu Maniu NR. 19",44.4329,26.0369,CORA
2509,"CORA PLOIESTI","Str. Calomfirescu NR. 2",44.946674,26.0321989,CORA
1420,"Constanta 2","B-dul Aurel Vlaicu nr. 36",44.15422,28.621103,KAUFLAND
11396,"KAUFLAND AIUD","TRANSILVANIEI 156A",46.32409458,23.7162209,KAUFLAND
10498,"KAUFLAND CONSTANTA-COICIU","ION ROATA nr 3",44.17963501,28.62204072,KAUFLAND
11182,"KAUFLAND IASI VOINESTI (GALATA)","SOSEAUA IASI-VOINESTI FN 37",47.14661446,27.55665223,KAUFLAND
10912,"KAUFLAND PITESTI GAVANA N.BALCESCU","BD.NICOLAE BALCESCU, NR.180 A",44.88339262,24.83087478,KAUFLAND
1372,"Kaufland Alba Iulia Calea Moti","CALEA MOTILOR Nr. 120",46.081211,23.563205,KAUFLAND
10381,"Kaufland Alba Iulia Tudor Vladimirescu","Str.Tudor Vladimirescu nr 78",46.08419671,23.58718206,KAUFLAND
1410,"Kaufland Arad","STR. BANU MARACINE Nr. 6A",46.185791,21.313321,KAUFLAND
1422,"Kaufland Arad Sega","Calea Aurel Vlaicu, Nr. 139-151",46.195941,21.297011,KAUFLAND
1399,"Kaufland Bacau","Str. Milcov, nr. 5B",46.557571,26.924631,KAUFLAND
1438,"Kaufland Bacau","STR. NICU ENEA, NR 1",46.571351,26.917031,KAUFLAND
1451,"Kaufland Bacau-Narciselor","STR. NARCISELOR NR. 17",46.538611,26.911691,KAUFLAND
1432,"Kaufland Braila","B-dul Dorobantilor nr. 413",45.277661,27.958361,KAUFLAND
1434,"Kaufland Braila","ALEEA MECANIZATORILOR, NR 4",45.241097,27.949202,KAUFLAND
1405,"Kaufland Brasov","CALEA BUCURESTI, Nr. 112",45.632331,25.634965,KAUFLAND
11641,"Kaufland Brasov Avantgarden","Institutului 8A",45.66384619,25.55536898,KAUFLAND
1458,"Kaufland Brasov Avram Iancu","Str Avram Iancu, nr. 62",45.655171,25.588561,KAUFLAND
10488,"Kaufland Brasov Stadionului","Strada Stadionului Nr.15",45.66484415,25.5894025,KAUFLAND
8020,"Kaufland Brasov Tractorul","Strada 13 Decembrie nr 90 E",45.66693052,25.61082655,KAUFLAND
1392,"Kaufland Bucuresti Barbu-Vacarescu","STR. BARBU VACARESCU Nr. 120-144",44.463851,26.109917,KAUFLAND
1424,"Kaufland Bucuresti Basarab","Sos Orhideelor nr 46",44.448391,26.067489,KAUFLAND
1361,"Kaufland Bucuresti Colentina","Şos. Colentina nr. 6",44.453721,26.129838,KAUFLAND
1403,"Kaufland Bucuresti Ferentari","Calea Ferentari, nr 62",44.407411,26.077867,KAUFLAND
1408,"Kaufland Bucuresti Mihai bravu","Str. Racari nr. 5",44.415353,26.135743,KAUFLAND
1389,"Kaufland Bucuresti Pantelimon(electroaparataj)","Șoseaua Pantelimon, nr. 244-246",44.442511,26.153441,KAUFLAND
1449,"Kaufland Bucuresti Vulcan","STR. SEBASTIAN 88",44.416939,26.070622,KAUFLAND
10443,"Kaufland București - Popa Nan","Str.Popa Nan nr 82",44.43386641,26.12512618,KAUFLAND
1430,"Kaufland Cluj","Str. Alexandru Vaida Voievod, nr.59",46.769308,23.629607,KAUFLAND
1368,"Kaufland Cluj Campului","STR. CAMPULUI, nr. 9-19",46.759271,23.564265,KAUFLAND
1431,"Kaufland Cluj Fabricii","STR. FABRICII, NR 12",46.782361,23.614471,KAUFLAND
3119,"Kaufland Cluj Intre Lacuri","Str. Aurel Vlaicu nr. 182",46.781463,23.636792,KAUFLAND
1386,"Kaufland Constanta","STR. 1 DECEMBRIE 1918, Nr.21",44.172932,28.635281,KAUFLAND
3114,"Kaufland Constanta Maritimo","Aurel Vlaicu nr 218",44.190318,28.601067,KAUFLAND
7911,"Kaufland Constanta Palazu Mare","Bulevardul Tomis, Nr.437",44.2234842,28.59306136,KAUFLAND
1412,"Kaufland Craiova  Calea B.","STR. CALEA BUCURESTI 72",44.312464,23.827523,KAUFLAND
1446,"Kaufland Craiova - 1 Mai","Dr. Nicolae Ionescu Sisesti, Nr. 23",44.300714,23.796471,KAUFLAND
8871,"Kaufland Craiova Caracal","CARACAL 150D",44.3009704,23.82096157,KAUFLAND
1447,"Kaufland Craiova II  Tineretul","STR. TINERETULUI 18C",44.336051,23.775111,KAUFLAND
1371,"Kaufland Curtea de arges","Str. Albesti, 30",45.166641,24.670264,KAUFLAND
1417,"Kaufland Iasi Pacurari","SOS. PACURARI, Nr. 86M",47.174541,27.536565,KAUFLAND
1415,"Kaufland Iasi Varlaam","MITROPOLIT VARLAAM, Nr. 20A",47.143661,27.587183,KAUFLAND
1365,"Kaufland Oradea","Sos. Borsului, nr 6",47.075028,21.901701,KAUFLAND
1436,"Kaufland Oradea","Str. Ştefan Octavian Iosif, Nr. 3A",47.060601,21.914631,KAUFLAND
8905,"Kaufland Oradea Velenta","Str.Seleusului Nr.22",47.0472525,21.95712805,KAUFLAND
1383,"Kaufland Pascani","Str. Moldovei nr. 98",47.248451,26.708081,KAUFLAND
1421,"Kaufland Pitesti 2","BD. NICOLAE BALCESCU 93",44.871471,24.851671,KAUFLAND
1390,"Kaufland Pitesti Exercitiu","Str. Exerciţiu nr. 216",44.841451,24.879717,KAUFLAND
1387,"Kaufland Ploiesti Democratiei","Piata 1 Decembrie 1918, nr 1A",44.955871,25.993821,KAUFLAND
1419,"Kaufland Ploiesti Republicii","Bd Republicii, nr. 138",44.956401,25.993271,KAUFLAND
1362,"Kaufland Ploieşti Vestului","Şos. Vestului nr. 9",44.939501,25.988697,KAUFLAND
1425,"Kaufland Timisoara D. Bojinca","STR Damaschin Bojincă, Nr. 4",45.739291,21.212951,KAUFLAND
1427,"Kaufland Timisoara Fabric","Mihail Kogalniceanu, nr. 11-13-15",45.764181,21.246436,KAUFLAND
1366,"Kaufland Timisoara Gh. Lazăr","Str. Gheorghe Lazăr, nr. 26",45.760771,21.220211,KAUFLAND
1369,"Kaulfand Timisoara Dumbrăvița","Str. Conac, nr 51",45.785381,21.238301,KAUFLAND
11291,"MAGAZIN KAUFLAND PITESTI PRUNDU","BDUL PETROCHIMISTILOR nr 21",44.83399526,24.90806305,KAUFLAND
8223,"Oradea Calea Aradului","Strada Calea Aradului, Nr. 87",47.04330911,21.898083,KAUFLAND
7914,"Timisoara Martirilor","Str.Calea Martirilor 1989, Nr.98",45.72779525,21.23684646,KAUFLAND
1807,"MI 13 SEPTEMBRIE","CALEA 13 SEPTEMBRIE, NR.75-79",44.42458333,26.08111111,"MEGA IMAGE SRL"
1856,"MI AL LAPUSNEANU","STR. AL. LAPUSNEANU, BL LV16",44.18847222,28.63375,"MEGA IMAGE SRL"
3490,"MI AL. CEL BUN BC","ALEXANDRU CEL BUN NR. 3, BL. 3",46.56441,26.918533,"MEGA IMAGE SRL"
9499,"MI AL. VLAHUTA BV","STR. ALEXANDRU VLAHUTA, NR 10",45.654286,25.625111,"MEGA IMAGE SRL"
11146,"MI ALEEA STREIULUI PH","BAHLUIULUI 1A, BL 137 SI 138,",44.9305,25.99,"MEGA IMAGE SRL"
2437,"MI AMZEI 2","MENDELEEV NR 21-25, P+S",44.44493306,26.09557806,"MEGA IMAGE SRL"
11197,"MI APRODU PURICE BC","STR. APRODU PURICE NR. 11, SCA",46.5819,26.9102,"MEGA IMAGE SRL"
2467,"MI AUREL VLAICU","BD. AUREL VLAICU NR. 95, BL. AV1, P",44.15628333,28.61336639,"MEGA IMAGE SRL"
2118,"MI AVRIG","B-DUL FERDINAND,NR 113A",44.44505556,26.13136111,"MEGA IMAGE SRL"
2014,"MI B. VACARESCU","STR. BARBU VACARESCU NR.201",44.48,26.1025,"MEGA IMAGE SRL"
2004,"MI BALADA","BD. 1 DECEMBRIE 1918, NR.12, BL L53",44.17941667,28.63705556,"MEGA IMAGE SRL"
2422,"MI BARAOLT","EREMIA GRIGORESCU, NR.22 BIS, BL.64",44.93195,25.98543639,"MEGA IMAGE SRL"
2319,"MI BARTOLOMEU","NUMAR CADASTRAL 144318 (BARTOLOMEU)",45.66388139,25.56389167,"MEGA IMAGE SRL"
11270,"MI BD.TIMISOARA","BD. TIMISOARA, NR.18 A",44.4277,26.0416,"MEGA IMAGE SRL"
2420,"MI BISTRITEI CJ","BISTRITEI NR.57-61",46.77102,23.61788667,"MEGA IMAGE SRL"
6407,"MI BOBALNA","BOBALNA NR. 91-93",44.92862,26.024652,"MEGA IMAGE SRL"
2122,"MI BREZOIANU","STR. BREZOIANU NR. 60",44.43919444,26.09327778,"MEGA IMAGE SRL"
1913,"MI BUCURESTI MALL","CALEA VITAN, NR. 55-59",44.41941667,26.12705556,"MEGA IMAGE SRL"
9511,"MI BUNA ZIUA CJ","AUGUSTIN BUZURA NR. 1",46.74866,23.600157,"MEGA IMAGE SRL"
9508,"MI Brancusi 2 CJ","CONSTANTIN BRANCUSI NR. 148-15",46.76023,23.612981,"MEGA IMAGE SRL"
6951,"MI C-TIN BRANCUSI CJ","CONSTANTIN BRANCUSI NR. 73-79A",46.764667,23.606472,"MEGA IMAGE SRL"
7090,"MI C. COPOSU CJ","CALEA BACIULUI NR.10-12",46.78384,23.558458,"MEGA IMAGE SRL"
2057,"MI CA ROSETTI","STR. C.A. ROSETTI NR. 14-16",44.44027778,26.10111111,"MEGA IMAGE SRL"
3487,"MI CAL. MARASESTI BC","CALEA MARASESTI NR. 104",46.55,26.913,"MEGA IMAGE SRL"
1870,"MI CALEA BUCURESTI","STR.BERZEI, NR.2A",45.63986111,25.62663889,"MEGA IMAGE SRL"
1941,"MI CANTACUZINO","STR. GH CANTACUZINO, NR.199",44.93708333,26.00077778,"MEGA IMAGE SRL"
9524,"MI CARPATI PH","CARPATI NR. 3-5, BL. 33G-33H,",44.94375,26.018694,"MEGA IMAGE SRL"
9526,"MI CARPATILOR BV","STR. CARPATILOR NR. 60 BIS",45.635247,25.621862,"MEGA IMAGE SRL"
6911,"MI CIRCUMVALATIUNII","CALEA CIRCUMVALATIUNII NR. 8-1",45.75719,21.218957,"MEGA IMAGE SRL"
1935,"MI CIRESICA","STR. CISMELEI, NR.16",44.20669444,28.622,"MEGA IMAGE SRL"
1952,"MI CITY MALL","SOS. OLTENITEI, NR. 2",44.40175,26.09705556,"MEGA IMAGE SRL"
2274,"MI COBALCESCU","PROF. GRIGORE COBALCESCU,NR45",44.43922222,26.08241667,"MEGA IMAGE SRL"
1912,"MI COLENTINA OBOR","SOS. COLENTINA, NR. 3A",44.45194444,26.12541667,"MEGA IMAGE SRL"
1934,"MI COMPLEX NORD","SOS. NORDULUI, NR.1",44.95322222,26.00038889,"MEGA IMAGE SRL"
1925,"MI COMPOZITORILOR","B-DUL 1 MAI, NR.26",44.41916667,26.04286111,"MEGA IMAGE SRL"
2303,"MI COTROCENI","ELEFTERIE NR. 47-49, PARTER - ET.1",44.43202778,26.07225,"MEGA IMAGE SRL"
9534,"MI Copou IS","BD. CAROL NR. 48",47.18012,27.569273,"MEGA IMAGE SRL"
2400,"MI DAMBOVITEI CJ","DAMBOVITEI NR.37",46.78166667,23.62666667,"MEGA IMAGE SRL"
1947,"MI DOJA","STR. GHEORGHE DOJA, NR. 91-93",44.94547222,26.02133333,"MEGA IMAGE SRL"
1889,"MI DOMENII","B-DUL ION MIHALACHE, NR.128 B-D-E-F",44.46547222,26.06752778,"MEGA IMAGE SRL"
2095,"MI DOMNISORI","STR. DOMNISORI NR. 35",44.93033333,26.00330556,"MEGA IMAGE SRL"
2018,"MI DOROBANTI","CALEA DOROBANTILOR NR. 172-178",44.45883333,26.09622222,"MEGA IMAGE SRL"
2015,"MI DRISTOR","BLD.CAMIL RESSU NR.7",44.42052778,26.14188889,"MEGA IMAGE SRL"
6416,"MI DUMBRAVITA TM","STRADA CONAC NR. 55",45.784033,21.237257,"MEGA IMAGE SRL"
9555,"MI EDGAR QUINET CJ","EDGAR QUINET, NR. 1-3",46.747806,23.563973,"MEGA IMAGE SRL"
2359,"MI EMILE ZOLA","EMILE ZOLA NR.2, AP.10, P",46.77218,23.58946167,"MEGA IMAGE SRL"
2360,"MI EREMIA GRIGORESCU","EREMIA GRIGORESCU NR.122-124",46.77327778,23.56413889,"MEGA IMAGE SRL"
9563,"MI EUGEN IONESCO CJ","STR. EUGEN IONESCO, NR. 67, BL",46.744256,23.585462,"MEGA IMAGE SRL"
9566,"MI FABRICII CJ","FABRICII NR 105,SC 2, SP COM 8",46.788566,23.614916,"MEGA IMAGE SRL"
10453,"MI GALAXIEI BV","STR.GALAXIEI, NR.5",45.646667,25.640278,"MEGA IMAGE SRL"
11191,"MI GARII BV","BD. GARII NR. 38, BLOC 227",45.6566,25.6219,"MEGA IMAGE SRL"
2291,"MI GEORGE ENESCU","GEORGE ENESCU NR. 36-42",44.44461111,26.09908333,"MEGA IMAGE SRL"
2125,"MI GHEORGHE DUCA","STR.ING. GHEORGHE DUCA NR. 3-5",44.44827778,26.07666667,"MEGA IMAGE SRL"
2128,"MI GIURGIULUI 2","SOSEAUA GIURGIULUI NR. 52-54",44.39680556,26.09502778,"MEGA IMAGE SRL"
1878,"MI GLORIA","STR.BABA NOVAC,NR.25,COMPLEX COM A6",44.42852778,26.15422222,"MEGA IMAGE SRL"
1819,"MI HALA TRAIAN","CALEA CALARASILOR, NR.133",44.43377778,26.1205,"MEGA IMAGE SRL"
9940,"MI HERCULANE CJ","HERCULANE NR. 1",46.76882,23.61924,"MEGA IMAGE SRL"
1827,"MI IANCU DE HUNED","STR.GRIGORE ALEXANDRESCU, NR.89-97",44.452,26.09783333,"MEGA IMAGE SRL"
9590,"MI ION BOGDAN BH","ION BOGDAN NR. 31",47.087167,21.917528,"MEGA IMAGE SRL"
9592,"MI ION IONESCU TM","ION IONESCU DE LA BRAD, NR 15",45.778416,21.24296,"MEGA IMAGE SRL"
1815,"MI ION MIHALACHE","BD. ION MIHALACHE, NR.92",44.46108333,26.07627778,"MEGA IMAGE SRL"
1855,"MI LACUL TEI","BD. LACUL TEI, NR. 73",44.45997222,26.11419444,"MEGA IMAGE SRL"
6406,"MI LACULUI IS","LACULUI NR. 16, BLOC 660, PART",47.142796,27.582378,"MEGA IMAGE SRL"
2383,"MI LUNII","LUNII, NR.6",45.64518806,25.62563167,"MEGA IMAGE SRL"
6403,"MI LUPENI","LUPENI NR.6B",44.933833,26.033361,"MEGA IMAGE SRL"
3505,"MI LUPTATORI","LUPTATORI NR. 10 SI NR. 10, LO",44.174396,28.61714,"MEGA IMAGE SRL"
2177,"MI MAGHERU","BD G. MAGHERU, NR 9",44.44263889,26.09741667,"MEGA IMAGE SRL"
9629,"MI MAGNOLIEI BH","STR. TRANSILVANIEI NR. 14",47.07764,21.915657,"MEGA IMAGE SRL"
3517,"MI MALU ROSU PH","STR. MALU ROSU NR. 112, BLOC 3",44.9428,25.997448,"MEGA IMAGE SRL"
9635,"MI MARESAL CONSTANTIN PREZAN T","STR. MARESAL CONSTANTIN PREZA",45.73038,21.24733,"MEGA IMAGE SRL"
6419,"MI MERCUR MALL","PIATA VICTORIEI, NR.1",44.94301,26.021357,"MEGA IMAGE SRL"
1811,"MI MIHAI BRAVU","SOS. MIHAI BRAVU, NR.294",44.42697222,26.13694444,"MEGA IMAGE SRL"
1820,"MI MIHAI EMINESCU","STR. MIHAI EMINESCU, NR.185, BL.31B",44.44391667,26.1195,"MEGA IMAGE SRL"
2329,"MI MIHAI VITEAZU","PIATA MIHAI VITEAZU NR. 17, PARTER",46.77458333,23.59291667,"MEGA IMAGE SRL"
9638,"MI MIHAI VITEAZU PH","PIATA MIHAI VITEAZUL, NR.2A",44.948683,26.010313,"MEGA IMAGE SRL"
9645,"MI MIRASLAU CJ","MIRASLAU, NR 4, ET PARTER, AP",46.767947,23.548535,"MEGA IMAGE SRL"
2193,"MI MIRCEA CEL BATRAN","MIRCEA CEL BATRANNR.152,BLOC MD12B",44.19141667,28.64044444,"MEGA IMAGE SRL"
2013,"MI MOSILOR 2","CALEA MOSILOR 207, BLOC 15",44.44208333,26.11741667,"MEGA IMAGE SRL"
4886,"MI N. BALCESCU BC","NICOLAE BALCESCU NR. 10",46.566306,26.911694,"MEGA IMAGE SRL"
6502,"MI OASULUI CJ","OASULUI NR 86-90",46.795602,23.604643,"MEGA IMAGE SRL"
9660,"MI ONESTILOR BH","ONESTILOR NR 17",47.057707,21.910238,"MEGA IMAGE SRL"
3510,"MI PACURARI_IS","SOS. PACURARI, NR. 58-64, BL.",47.174647,27.540182,"MEGA IMAGE SRL"
3504,"MI PALAZU MARE","VERONA NR.4",44.219972,28.597972,"MEGA IMAGE SRL"
3506,"MI PIATA BROTACEI","SUCEAVA, NR.2 E+2 LOT 3, P",44.204926,28.624433,"MEGA IMAGE SRL"
1862,"MI PIATA CRANGASI","CALEA CRANGASI, NR. 29",44.45238889,26.04797222,"MEGA IMAGE SRL"
1937,"MI PIATA GEMENI","STR. VASILE LASCAR, NR. 108-116",44.44480556,26.11252778,"MEGA IMAGE SRL"
6953,"MI PIATA MIORITA BC","BUCIUM NR. 2A",46.576278,26.909167,"MEGA IMAGE SRL"
1945,"MI PIATA VICTORIEI","C.VICTORIEI,NR.155,BL.D1,PARTER,SC5",44.451,26.08427778,"MEGA IMAGE SRL"
1847,"MI PIATA VITAN","CALEA VITAN, NR. 13-19",44.42327778,26.12477778,"MEGA IMAGE SRL"
2356,"MI PLATINIA","CALEA MANASTUR, NR. 2-6",46.76438889,23.57169444,"MEGA IMAGE SRL"
1914,"MI PLAZA ROMANIA","B-DUL TIMISOARA, NR. 26",44.42963889,26.03608333,"MEGA IMAGE SRL"
1818,"MI PLOIESTI","BD. REPUBLICII, NR.108, BL.13B2",44.94916667,26.00647222,"MEGA IMAGE SRL"
2092,"MI PUCHENI","STR. PUCHENI NR. 42",44.40191667,26.06247222,"MEGA IMAGE SRL"
11125,"MI Piata Amzei","PIATA AMZEI, NR.10-22, CORP A",44.4438,26.0956,"MEGA IMAGE SRL"
9678,"MI REDIU IS","SOSEAUA VALEA REDIULUI NR. 54,",47.179389,27.530194,"MEGA IMAGE SRL"
1988,"MI REGINA MARIA","BULEVARDUL REGINA MARIA NR. 24-26",44.42511111,26.09769444,"MEGA IMAGE SRL"
9680,"MI REPUBLICII 2 BV","STR. REPUBLICII NR. 18, ET. PA",45.643056,25.591556,"MEGA IMAGE SRL"
9676,"MI Record Park CJ","ONISIFOR GHIBU NR. 20A",46.7779,23.602218,"MEGA IMAGE SRL"
2413,"MI SAGULUI TM","BD-UL 16 DECEMBRIE 1989, NR.71",45.73827778,21.21047222,"MEGA IMAGE SRL"
3561,"MI SCALA CENTER CJ","STR. SOMESULUI NR. 34-36, PARTER",46.7784,23.597072,"MEGA IMAGE SRL"
6401,"MI SOPORULUI CJ","SOPORULUI NR. 5 PROVIZORIU",46.767639,23.635472,"MEGA IMAGE SRL"
1954,"MI ST MARE METROU","BD. ST CEL MARE,NR.14,BL 19, PARTER",44.45247222,26.10191667,"MEGA IMAGE SRL"
6955,"MI ST. CEL MARE BH","STEFAN CEL MARE NR. 79, BLOC C",47.0815,21.92225,"MEGA IMAGE SRL"
6949,"MI ST. CEL MARE IS","BD. STEFAN CEL MARE SI SFANT N",47.162563,27.6328,"MEGA IMAGE SRL"
6476,"MI ST. PROCOPIU TM","TRISTAN TZARA NR. 2",45.79134,21.223818,"MEGA IMAGE SRL"
11128,"MI Sebastian","CALEA 13 SEPTEMBRIE, NR. 221",44.4195,26.0655,"MEGA IMAGE SRL"
1814,"MI TINERETULUI","BD. TINERETULUI, NR. 1",44.41388889,26.10655556,"MEGA IMAGE SRL"
1805,"MI TITULESCU","BD NICOLAE TITULESCU 39-49",44.45180556,26.07938889,"MEGA IMAGE SRL"
2407,"MI TITULESCU CJ","NICOLAE TITULESCU, NR.109, AP.34",46.76967667,23.61002,"MEGA IMAGE SRL"
1817,"MI TOMIS","BD. TOMIS, NR.310A",44.19991667,28.62975,"MEGA IMAGE SRL"
1851,"MI TOMIS MALL","STR.STEFAN CEL MARE, NR. 44",44.17886111,28.64772222,"MEGA IMAGE SRL"
9708,"MI TRAIAN CT","TRAIAN NR. 52",44.174226,28.644686,"MEGA IMAGE SRL"
9705,"MI Take Ionescu TM","BD. TAKE IONESCU NR. 46B, CL.",45.76122,21.244466,"MEGA IMAGE SRL"
9714,"MI Trotus","TROTUS NR. 2",44.952093,26.010245,"MEGA IMAGE SRL"
9722,"MI UNIRII 2 CT","UNIRII NR. 19B",44.198716,28.651436,"MEGA IMAGE SRL"
9725,"MI UNIRII 3 CT","UNIRII, NR 118",44.208733,28.647013,"MEGA IMAGE SRL"
7070,"MI UNIRII CT","UNIRII NR. 70, BL. D, PARTER",44.20365,28.649137,"MEGA IMAGE SRL"
3491,"MI URBAN RESIDENCE","IOAN POPASU NR.1, P",45.6742,25.611116,"MEGA IMAGE SRL"
3509,"MI VALEA ADANCA_IS","LOC. VALEA ADANCA, COMUNA MIRO",47.117047,27.562018,"MEGA IMAGE SRL"
10764,"MI VISAN IS","STR. SFANTUL ILIE, NR.21",47.121944,27.601111,"MEGA IMAGE SRL"
9728,"MI Valea Adanca 2 IS","STR. LIVEZILOR NR. 2, COMUNA M",47.124639,27.547083,"MEGA IMAGE SRL"
9737,"MI Vasile Lascar","VASILE LASCAR NR. 216-218",44.452306,26.112306,"MEGA IMAGE SRL"
2012,"MI ZIZIN","STR. ZIZIN, NR. 65, BL. S22D, SC.D",45.65133333,25.62491667,"MEGA IMAGE SRL"
3515,"SG A. LAPUSNEANU 48A","ALEXANDRU LAPUSNEANU NR. 48A,",44.931466,26.032755,"MEGA IMAGE SRL"
9758,"SG AL LAPUSNEANU 104","BD-UL AL LAPUSNEANU, NR. 104A,",44.195413,28.63282,"MEGA IMAGE SRL"
10398,"SG ALECU RUSSO 3F","STR. ALECU RUSSO NR.3F",46.554527,26.920186,"MEGA IMAGE SRL"
9766,"SG Ant. Ivireanul 48","BORHANCIULUI (ANTIM IVIREANUL",46.75475,23.627972,"MEGA IMAGE SRL"
9771,"SG BAHLUIULUI 16","BAHLUIULUI NR. 16, BL 162, SC",44.929621,25.994983,"MEGA IMAGE SRL"
9950,"SG BARBU LAUTARU 15","STR. BARBU LAUTARU, NR.15",45.63708,25.625725,"MEGA IMAGE SRL"
3516,"SG BD. BUCURESTI 35","BDUL BUCURESTI, NR. 35, BL. 12",44.918267,26.035638,"MEGA IMAGE SRL"
6475,"SG BRADUTULUI 25","BRADUTULUI NR. 25",46.754343,23.598483,"MEGA IMAGE SRL"
2026,"SG C BUCURESTI 104","CAL. BUCURESTI, NR. 104",45.63469444,25.63344444,"MEGA IMAGE SRL"
2054,"SG C COSMINULUI 40","STR. CODRII COSMINULUI NR. 40, BL.",45.66252778,25.60325,"MEGA IMAGE SRL"
7092,"SG CAL. BUCURESTI 66","CALEA BUCURESTI NR. 66",45.6435,25.624167,"MEGA IMAGE SRL"
9957,"SG CALEA ARADULUI 141","CALEA ARADULUI, BL.141, PARTER",45.778367,21.22032639,"MEGA IMAGE SRL"
9811,"SG CUZA VODA 11","CUZA VODA, NR 11, BL D8A, PART",44.940773,26.019002,"MEGA IMAGE SRL"
11605,"SG D.GHEREA 1A","STR.DOBROGEANU GHEREA,NR. 1A,B",44.9416,26.026,"MEGA IMAGE SRL"
11149,"SG DACIA 64","B-DUL DACIA, NR. 64, BL. AN 37",47.0583,21.9252,"MEGA IMAGE SRL"
10358,"SG DOJA 150","STR.GHEORGHE DOJA NR.150",44.945211,26.033979,"MEGA IMAGE SRL"
9817,"SG DOMNISORI 89","DOMNISORI, NR 89, BLOC 71, AP",44.927227,25.998049,"MEGA IMAGE SRL"
2030,"SG GEN DUMITRACHE 2","STR. GENERAL DUMITRACHE, NR. 2",45.66791667,25.60394444,"MEGA IMAGE SRL"
2033,"SG GRIVITEI 40","STR. GRIVITEI, NR. 40",45.65975,25.59486111,"MEGA IMAGE SRL"
10650,"SG HARMANULUI 31","STR.HARMANULUI, NR.31",45.659444,25.623056,"MEGA IMAGE SRL"
2028,"SG HARMANULUI 67","STR. HARMANULUI, NR.67",45.676,25.64680556,"MEGA IMAGE SRL"
9854,"SG IL CARAGIALE 1","I.L. CARAGIALE NR.1, BLOC 5, A",45.65128,25.621583,"MEGA IMAGE SRL"
2027,"SG JEPILOR 2","STR. JEPILOR, NR.2, BLOC A8",45.63672222,25.61163889,"MEGA IMAGE SRL"
2025,"SG JUPITER 1","STR. JUPITER, NR.1",45.64133333,25.63011111,"MEGA IMAGE SRL"
11595,"SG LOTUSULUI 3","STR. LOTUSULUI, NR. 3",45.6686,25.5633,"MEGA IMAGE SRL"
9870,"SG MARASESTI 216","MARASESTI NR. 216",44.932586,26.00607,"MEGA IMAGE SRL"
9873,"SG MECANICILOR 5","MECANICILOR, NR.5",45.661583,25.631753,"MEGA IMAGE SRL"
2342,"SG MIHAI VITEAZU 1-3","MIHAI VITEAZUL NR.1-3",45.65361306,25.60061972,"MEGA IMAGE SRL"
9871,"SG Matei Basarab 67B","MATEI BASARAB NR. 67B",44.940317,26.046768,"MEGA IMAGE SRL"
9881,"SG NORDULUI 9","SOS NORDULUI NR. 9, COMPLEX MI",44.95717,26.005535,"MEGA IMAGE SRL"
10015,"SG NUCULUI 42","STR. NUCULUI, NR 42",45.6206,25.6373,"MEGA IMAGE SRL"
11596,"SG Nicolae Labis nr. 6 BV","STR.NICOLAE LABIS, NR.7",45.6789,25.6119,"MEGA IMAGE SRL"
9883,"SG OASULUI 336","OASULUI, NR 334B, ET.SUBSOL, S",46.81851,23.599198,"MEGA IMAGE SRL"
2367,"SG OLTET 36","OLTET, NR.36, BL 348, TRACTORULUI I",45.66602778,25.59927778,"MEGA IMAGE SRL"
9903,"SG PRIMARIEI 2","PRIMARIEI NR. 2, AP. 1",47.055306,21.927913,"MEGA IMAGE SRL"
2439,"SG REPUBLICII 21","BD-UL REPUBLICII, NR.21, P",45.74997222,21.21391667,"MEGA IMAGE SRL"
7074,"SG SOCOLA 57","BD. SOCOLA NR.57, BL. A1, PART",47.141343,27.600731,"MEGA IMAGE SRL"
9920,"SG ST GRECEANU 11","STEFAN GRECEANU, NR 11, BL K7,",44.9431,26.025656,"MEGA IMAGE SRL"
11612,"SG VALENI 75","STR. VALENI, NR. 75",44.94971111,26.019044,"MEGA IMAGE SRL"
9946,"SG VULTURULUI 29","STR. VULTURULUI NR. 29",45.64085,25.622025,"MEGA IMAGE SRL"
11401,"B-DUL DACIA NR.5K","B-DUL DACIA NR.5K",44.342102,23.7739919,PENNY
1616,"B-dul Stefan cel Mare, 82","Bdul Stefan cel Mare, Nr. 82",47.078466,21.925914,PENNY
11335,DJ129,"DJ129, STREJNICU, Prahova",44.921069,25.971401,PENNY
11557,"STR. CALEA MOINESTI NR. 20","STR. CALEA MOINESTI NR. 20",46.578777,26.87455,PENNY
10898,"STR. STRANDULUI 59, PLOIESTI","STR. STRANDULUI 59, PLOIESTI",44.957027,26.050234,PENNY
1710,"Sos. Nordului, 10","Sos. Nordului, Nr. 10",44.9555394,26.0044724,PENNY
1511,"Sos. Vestului, 12","Sos. Vestului, Nr. 12",44.934951,25.990124,PENNY
1718,"Str. Alexei Tolstoi, 8","Str. Alexei Tolstoi, Nr. 8, Bacau",46.55322,26.9057357,PENNY
1603,"Str. Izvoare, 2","Str. Izvoare, Nr. 2",46.55405,26.924682,PENNY
3534,"Str. Soseaua Vestului, Nr. 26","Str. Soseaua Vestului, Nr. 26, Ploiesti",44.948591,25.997437,PENNY
1694,"Str. Sovata, 2-4","Str. Sovata, Nr. 2-4, Oradea",47.065931,21.920589,PENNY
11120,"Alba Iulia Revolutiei 17 (AB)","Bulevardul Revolutiei 1989, nr.17",46.0693,23.5567,PROFI
6816,"Arad Calea Aurel Vlaicu","Calea Aurel Vlaicu, nr. 70-76",46.1922,21.3088,PROFI
10884,"Arad Ctin Brancoveanu 54","str. Constantin Brancoveanu, nr. 5",46.1908,21.3006,PROFI
7018,"Arad Ogorului 39","str. Ogorului, Nr. 39",46.141,21.3156,PROFI
7821,"Bacau Blv. Vasile Parvan 28",3563@magazin.profi.ro,46.5647,26.8873,PROFI
8347,"Bacau Cornisa Bistritei 21e","str Cornisa Bistritei nr 21 E,Bacau",46.5508,26.9174,PROFI
7094,"Bacau Erou Ciprian Pintea 27","Str. Erou Ciprian Pintea nr 27",46.5554,26.9154,PROFI
7057,"Braila Calea Calarasilor 66","Calea Calarasilor nr66,Bl 14 parter",45.2587,27.9619,PROFI
7342,"Brasov Alexandru Vlahuta 32","Bulevardul Alexandru Vlahuta 32",45.6553,25.6239,PROFI
7481,"Brasov De Mijloc 164a","Str. De Mijloc nr. 164, Brasov",45.6641,25.5811,PROFI
7530,"Brasov Harmanului 72","Str. Harmanului, nr. 72, Bl. 245",45.6598,25.6244,PROFI
10698,"Brasov Lani","str. Lanii, nr. 30, bl. I 24",45.6705,25.5668,PROFI
7324,"Brasov Oltet 21a","Strada Oltet 21A, parter,Brasov",45.6651,25.6039,PROFI
7381,"Brasov Parcul Mic 19-21","Strada Parcul Mic nr.19-21",45.6535,25.626,PROFI
10736,"Brasov Saturn 38a","Bulevardul Saturn, nr.38A",45.6389,25.6357,PROFI
7714,"Buc. Sos. Mihai Bravu 123-135","sos. Mihai Bravu, nr.123-135",44.439,26.1359,PROFI
7316,"Bucuresti Aleea Fizicienilor","Aleea Fizicienilor, Nr. 1, sector 3",44.4119,26.1516,PROFI
7619,"Bucuresti Baia De Arama 1","strada Baia de Arama, nr. 1",44.4375,26.1624,PROFI
6878,"Bucuresti Calea Crangasi 42","Calea Crangasi 42,bl.10,parter,sec6",44.4534,26.0502,PROFI
7351,"Bucuresti Decebal 2","Sectorul 3, Bdul. Decebal, nr. 2",44.427,26.131,PROFI
10376,"Bucuresti Foisorului","str. Foisorului, nr.108-112",44.4156,26.1225,PROFI
7005,"Bucuresti Ghencea 28","Bulevardul Ghencea 28, Sector 6",44.4155,26.0478,PROFI
7050,"Bucuresti Gura Fagetului58-68","Str. Gura Fagetului Nr. 58-68",44.4155,26.1897,PROFI
6518,"Bucuresti Mihai Bravu 451","sos. Mihai Bravu 451-471",44.4123,26.1291,PROFI
7086,"Bucuresti Mihai Bravu 90-96","Soseaua Mihai Bravu 90-96, parter, sector 2",44.443,26.1292,PROFI
6973,"Bucuresti Plaza Residence","str.Sergiu Cutieru Alexandru,nr 25A, sector 6",44.4299,26.037,PROFI
7345,"Bucuresti Postasului 35-37","Str. Postasului nr. 35 - 37, parter",44.4164,26.1878,PROFI
7318,"Bucuresti Splaiul Independent","Splaiul Independentei 313 B,",44.4431,26.0514,PROFI
6888,"Cluj Napoca Bucegi","Strada Bucegi 11/11A, bl.B1, ap. 1B",46.7548,23.5563,PROFI
6994,"Cluj Napoca Portelanului","Str. Portelanului, nr.2, parter",46.7901,23.6057,PROFI
6792,"Cluj-Napoca Mihai Viteazu 7-8","Piata Mihai Viteazul 7-8, ap 1",46.7748,23.5893,PROFI
7544,"Cluj-napoca Dunarii 106","Strada Dunarii, nr.106",46.7774,23.6362,PROFI
7523,"Cluj-napoca Muresului 53","Strada Muresului 53",46.7787,23.6298,PROFI
8053,"Cluj-napoca Plopilor 70","Storobaneasa, str. Vasile Racotta",46.7619,23.556,PROFI
8253,"Cluj-napoca Str Ploiesti 6-8","Strada Ploiesti 6-8",46.7743,23.5939,PROFI
8251,"Cluj-napoca Teodor Mihali45-5","Strada Teodor Mihali, nr. 45-51",46.7761,23.621,PROFI
6968,"Constanta Alex.lapusneanu 115","Bulevardul Alexandru Lapusneanu 115",44.1957,28.6322,PROFI
7679,"Constanta Arcului 22","Constanta, strada Arcului nr. 22,",44.1492,28.6243,PROFI
6813,"Constanta Blv.alex Lapusneanu","Blv. Alexandru Lapusneanu nr. 62,",44.1852,28.6353,PROFI
8352,"Constanta Corbului 3","Str Corbului, Nr 3, Corp 2, Scara C",44.1741,28.6231,PROFI
7730,"Constanta Cutezatorii 4","strada Cutezatorii nr. 4, bl",44.1789,28.6158,PROFI
7859,"Constanta Eliberarii 10","Strada Eliberarii, nr.10,bloc I,par",44.1766,28.6202,PROFI
7532,"Constanta Piata Chiliei 6","Piata Chiliei 6",44.1942,28.6468,PROFI
8892,"Constanta Stefanita Voda 27","Str. Stefanita Voda, nr 27,bloc TP1",44.2007,28.6134,PROFI
7706,"Constanta Tomis 289","",44.2014,28.6245,PROFI
6482,"Craiova Batranilor 16","Str. Batranilor, nr. 16, Craiova",44.3237,23.819,PROFI
7547,"Craiova Blv Dacia 65","Bulevardul Dacia, nr.65, bloc 46",44.3366,23.7924,PROFI
7046,"Craiova Brestei 256","strada Brestei 256 A, Craiova,",44.3268,23.767,PROFI
6826,"Craiova Calea Bucuresti","Calea Bucuresti  nr 10 bloc M7-M8",44.3191,23.8028,PROFI
7323,"Craiova Calea Bucuresti  83a","Calea Bucuresti 83A, BL.A14, parter",44.3182,23.8113,PROFI
7629,"Craiova Calea Bucuresti 32","Calea Bucuresti nr.32, bl14C.",44.3173,23.8124,PROFI
7052,"Craiova Caracal 79","Strada Caracal 79,Cartierul Eroilor",44.3049,23.8126,PROFI
10369,"Craiova Elena Teodorini 51","str. Elena Teodorini nr. 51",44.3171,23.7796,PROFI
7496,"Craiova George Enescu 100","Str. George Enescu, nr. 100, Bl. 41",44.3331,23.7812,PROFI
6462,"Craiova Popoveni 2a","Str. Popoveni, Nr. 2A, Craiova",44.296,23.7972,PROFI
6886,"Craiova Tineretului 13","Str Tineretului nr 13, Craiova",44.3377,23.7763,PROFI
7350,"Dumbravita Belgrad 67","strada Belgrad, nr. 67",45.8021,21.2094,PROFI
7119,"Dumbravita Petofi Sandor 117","Str Petofi Sandor nr 117,Dumbravita",45.7917,21.2389,PROFI
7524,"Iasi Blv. Dacia 30","Municipiul Iasi, B-dul Dacia nr. 30",47.1669,27.5496,PROFI
7099,"Iasi Bucium 17","Str Bucium 17,BL.B1,sc. tr.1,parter",47.1434,27.6031,PROFI
6465,"Iasi Calea Galatii 24","Calea Galatii nr 24, bloc E2A, sc A",47.1527,27.5686,PROFI
7178,"Iasi Canta 21","Iasi, str. Canta, nr.21,Bl. 503,scB",47.1731,27.5452,PROFI
7043,"Iasi Tudor Vladimirescu","Bulevardul Tudor Vladimirescu 22",47.1641,27.5962,PROFI
7166,"Iasi Vasile Lupu158(is)","str. Vasile Lupu nr. 158, bl. H1",47.1525,27.6213,PROFI
10629,"Letea Veche 177","Letea Veche, str A.I.Cuza, nr 177",46.5531,26.9463,PROFI
6828,"Margineni Calea Moinesti 112","Sat Margineni,Calea Moinesti 112",46.5833,26.8593,PROFI
7526,"Oradea B-dul Dacia 56","Municipiul Oradea, Bulevardul Dacia",47.0704,21.9208,PROFI
7160,"Oradea Blv. Dacia 110","Bulevardul Dacia, nr. 110",47.0733,21.9115,PROFI
6374,"Oradea Cazaban 51c","Str. Alexandru Cazaban nr. 51C",47.0675,21.9046,PROFI
10735,"Oradea Corneliu Coposu 7","Str. Corneliu Coposu, Nr. 7",47.074,21.9236,PROFI
10701,"Oradea Dimitrie Cantemir 79","Str. Dimitrie Cantemir, Nr. 79 CL3, ""sp com"" si Nr. 81, CL2 sp com",47.0392,21.9422,PROFI
8321,"Oradea Magheru 11","Str General Gheorghe Magheru nr.11",47.0587,21.9399,PROFI
7701,"Oradea Nojoridului","Strada Nojoridului 53A, Oradea, Jud",47.0302,21.9295,PROFI
10838,"Oradea Octavian Goga 4","Strada Octavian Goga, bl A10, nr 10 sc B si nr 12  sc A",47.0492,21.9096,PROFI
6971,"Oradea Piata 1 Decembrie 4-6","Piata 1 Decembrie, nr 4-6, Oradea",47.0545,21.9336,PROFI
7659,"Oradea Republicii 13","Str.Republicii nr.13,parter,ap. XIV",47.0587,21.9347,PROFI
10883,"Oradea Sucevei","Strada Evreilor Deportati, nr. 4A",47.049,21.936,PROFI
8349,"Oradea Sulfinei Nr 1a","Oradea,  Aleea Sulfinei, nr. 1A,",47.0763,21.9134,PROFI
10892,"Oradea Trandafirilor 2","Aleea Trandafirilor, nr.2, bl 1C",47.041,21.9287,PROFI
10354,"Oradea Transilvaniei 19","strada Transilvaniei, nr 19,",47.078,21.9179,PROFI
7124,"Oradea Transilvaniei 20","str. Transilvaniei nr. 20, bl. K1",47.0788,21.9189,PROFI
5784,"PROFI  BACAU (DUMBRAVEI)","str. Dumbravei Nr.2 , jud. Bacau  L",46.56728114,26.91437952,PROFI
5722,"PROFI  BACAU(AVIATORILOR)","Str. Aviatori nr.28, Cartier Aviato",46.53715211,26.91566169,PROFI
6228,"PROFI  BUCURESTI-IULIU MANIU","Bd. Iuliu Maniu, Nr. 14, sector 6,",44.43452207,26.03896228,PROFI
6079,"PROFI  CLUJ NAPOCA CALEA TURZII","str. Constantin Noica, nr.2-4, jud.",46.75043538,23.59243175,PROFI
6172,"PROFI  IASI VOINESTI","Str. Voinesti nr.46A, Iasi",47.14658405,27.5497478,PROFI
5689,"PROFI  TIMISOARA (GARA)","str. Garii, nr. 2",45.75068113,21.20778143,PROFI
5921,"PROFI  TIMISOARA (MARTIRILOR)","Strada Martir Ioan Stanciu nr 2,",45.73413724,21.23880587,PROFI
5955,"PROFI 2829 ARAD (AUREL VLAICU63-67)","calea. Aurel Vlaicu, nr.63-67,bl.L8",46.19228734,21.30670635,PROFI
5199,"PROFI AIUD","Str.Transilvaniei Nr.26",46.31134498,23.72150481,PROFI
6140,"PROFI AIUD HATEGANU","str. Sergent Hategan nr.12,",46.30716259,23.71752926,PROFI
5520,"PROFI AIUD UNIRII","Str Unirii ,bl 53,scara KLM",46.30952907,23.72887015,PROFI
5164,"PROFI ALBA IULIA",Str.Motilor,46.08003683,23.56403232,PROFI
5781,"PROFI ALBA IULIA (TRANSILVANIEI)","B-dul Transilvaniei nr 4",46.06941223,23.56353879,PROFI
6200,"PROFI ALBA IULIA CENTRU UNIREA","Strada Tudor Vladimirescu nr 1",46.07375272,23.57956807,PROFI
5527,"PROFI ALBA IULIA MISTRAL","str. Frederic Mistral",46.07075577,23.58158469,PROFI
5409,"PROFI ALBA IULIA TOPORASILOR","Str Toporasilor nr 74",46.07620685,23.55408669,PROFI
5987,"PROFI ARAD (CONFECTII)","str. Padurii, nr. 48, , jud. Arad",46.17954698,21.29581051,PROFI
5926,"PROFI ARAD (PRAPORGESCU)","Rasaritului, nr. 2, jud. Arad",46.17946671,21.33176746,PROFI
5966,"PROFI ARAD (TIMISORII","Calea Timisorii nr.34,",46.15430108,21.32133717,PROFI
6034,"PROFI ARAD BANU MARACINE","str.Banu Maracine, jud Arad",46.18276072,21.31099354,PROFI
5461,"PROFI ARAD BLAGA","str. Lucian Blaga, nr.2, jud. Arad",46.17215611,21.31534874,PROFI
5277,"PROFI ARAD BOU ROSU","Piata Arenei Nr 7",46.1670603,21.3203146,PROFI
5396,"PROFI ARAD IULIU MANIU","Str Iuliu Maniu Nr 1-3",46.18264021,21.32520854,PROFI
6025,"PROFI ARAD(CLUJULUI)","Str.Clujului , nr.193-195,Jud.Arad",46.16543321,21.29523162,PROFI
5893,"PROFI ARAD(SCOLII)","Str Scolii nr 1,BLX34/1.scA+B,",46.18936771,21.3008502,PROFI
5892,"PROFI ARAD(STEAGULUI)","Str Steagului nr 62/A",46.13953878,21.34377124,PROFI
6101,"PROFI ARAD-GHIBA BIRTA","Str. Ghiba Birta nr 2, Jud  Arad",46.18013631,21.31570723,PROFI
5155,"PROFI ARTEX","Calea Sagului Nr. 23",45.73288689,21.2097019,PROFI
5904,"PROFI BACAU (AEROPORTULUI)","str. Aeroportului Nr.2",46.53339419,26.91834297,PROFI
5888,"PROFI BACAU (BICAZ)","str. Bicaz nr.7, jud. Bacau",46.53753836,26.92020342,PROFI
5676,"PROFI BACAU (LETEA)","str. Letea",46.54384537,26.9173443,PROFI
6000,"PROFI BACAU (MILCOV)","Str.Milcov , nr.55",46.5489665,26.92102709,PROFI
5692,"PROFI BACAU (PREFECTURA)","Calea Marasesti nr 4A",46.56389047,26.91180468,PROFI
6053,"PROFI BACAU - MIORITA","strada Miorita nr 74, jud. Bacau",46.57212603,26.89828873,PROFI
5345,"PROFI BACAU APRODU","Str.Aprodu Purice Nr 11,Bl 11,Sc C",46.58234252,26.90837145,PROFI
5291,"PROFI BACAU BALCESCU","Str.Nicolae Balcescu Nr 1",46.56663536,26.91125482,PROFI
5488,"PROFI BACAU BICAZ","Str.Bicaz nr 21",46.53264631,26.92177176,PROFI
5446,"PROFI BACAU CARPATI","Str Carpati nr 15",46.5518404,26.91091686,PROFI
5494,"PROFI BACAU COCEA","Str.iosif Cocea nr 19 B",46.57694391,26.91302521,PROFI
5560,"PROFI BACAU ENERGIEI","Str Energiei nr 34,BL 34,sc D",46.56993353,26.89760529,PROFI
5575,"PROFI BACAU MARASESTI","Calea Marasesti nr 151",46.55567508,26.91197634,PROFI
5414,"PROFI BACAU MILCOV","Str Milcov nr 134,sc A-B",46.55051897,26.9208278,PROFI
5233,"PROFI BACAU MIORITA","Str. Mioritei Nr 11",46.5745015,26.9104743,PROFI
5639,"PROFI BACAU PICTOR AMAN","Str Pictor Aman nr 1",46.56128589,26.91786343,PROFI
5592,"PROFI BACAU REPUBLICII","Calea Republicii nr 54",46.53645837,26.91822052,PROFI
5982,"PROFI BACAU STEFAN CEL MARE","Str Stefan cel Mare , nr.7,",46.57599749,26.91543438,PROFI
5651,"PROFI BACAU TECUCIULUI","Str.Tecuciului nr 3",46.57435621,26.93224186,PROFI
6106,"PROFI BACAU TOLSTOI","Str Carpati nr2F2colt cu st Tolstoi",46.55444243,26.90963421,PROFI
6221,"PROFI BACAU VASILE ALECSANDRI 39","Str. Vasile Alecsandri, Nr. 39",46.56250362,26.90701548,PROFI
5714,"PROFI BACAU(GARII)","Str. Garii nr.160",46.5660969,26.89586699,PROFI
5806,"PROFI BACAU(MARASESTI)","Calea Marasesti",46.54767935,26.91470675,PROFI
5976,"PROFI BRAILA (CHERCEA)","Strada Comuna din Paris , nr.95A",45.28245656,27.94744656,PROFI
5960,"PROFI BRAILA (GENERAL EREMIA)","General Eremia Grigorescu,nr.25,bl1",45.28011623,27.95727348,PROFI
5882,"PROFI BRAILA (INDEPENDENTEI)","str. Independentei, nr. 280",45.27857148,27.97190754,PROFI
5775,"PROFI BRAILA (RADU NEGRU)","str. Grigore Alexandrescu, Cartieru",45.24766423,27.94377789,PROFI
5770,"PROFI BRAILA (SCOLILOR)","Str.Scolilor nr 37,bl PP",45.26659599,27.96321988,PROFI
5932,"PROFI BRAILA (SEBESULUI)","Str. Sebesului,no.1, jud. Braila",45.24197512,27.94514149,PROFI
5499,"PROFI BRAILA CALEA CALARASILOR","Calea Calarasilor nr 305",45.25089458,27.9541456,PROFI
5567,"PROFI BRAILA CONCORDIEI","Calea Calarasilor",45.2610608,27.96479702,PROFI
5518,"PROFI BRAILA CUTEZATORILOR","Complex Hipodron",45.26131756,27.95623541,PROFI
6210,"PROFI BRAILA HIPODROM MICROHALA","str.Scolilor nr.95,complex Microhal",45.26401345,27.95404284,PROFI
5278,"PROFI BRAILA IRIS","Bd-Ul Dorobantilor Nr. 50",45.26147237,27.95968607,PROFI
5428,"PROFI BRAILA MARGARETELOR","Str Aleea Margaretelor nr 1",45.26628982,27.95232939,PROFI
6209,"PROFI BRAILA-DOROBANTILOR 78","Blvd. Dorobantilor nr.78 bl.C1",45.27164996,27.95675548,PROFI
5750,"PROFI BRASOV (DACIA)","str. Dacia, nr.  69",45.6570322,25.63350141,PROFI
6015,"PROFI BRASOV (PRUNULUI )","Str.Prunului , nr.50-52",45.62147905,25.63652433,PROFI
5321,"PROFI BRASOV CALEA BUCURESTI","Calea Bucuresti Nr 90",45.63865303,25.62886655,PROFI
5228,"PROFI BRASOV CERNA","Str Gloriei Nr 11",45.66534714,25.59853613,PROFI
5756,"PROFI BRASOV GOSPODARILOR","Str Gospodarilor nr 5",45.66537415,25.57048291,PROFI
5326,"PROFI BRASOV GRIVITEI","B-Dul Grivitei Nr 65,Bl 47",45.65498256,25.60160995,PROFI
5487,"PROFI BRASOV ION CREANGA","Str.Ion Creanga nr 13",45.65186687,25.62149983,PROFI
5221,"PROFI BRASOV RACADAU","Str. Zmeurei ,Nr.2 , Bl. A27",45.63312568,25.60635209,PROFI
5274,"PROFI BRASOV RAPID","B-Dul Victoriei Nr 2",45.65904431,25.61365843,PROFI
5589,"PROFI BRASOV TAMPEI","Str.Tampei nr 6",45.63804804,25.61040185,PROFI
5319,"PROFI BRASOV TRIAJ","Str. Harmanului Nr 63 ,Bl 1 ,A",45.67537585,25.64634383,PROFI
5778,"PROFI BRASOV(NOUA)","Str.Brazilor nr 31",45.61991928,25.63356167,PROFI
5797,"PROFI BRASOV(SOARELUI)","Str Soarelui nr 6",45.63602561,25.63265383,PROFI
5216,"PROFI BUC.MARGEANULUI","Margeanului Nr 71sector 5, Buc.",44.40949411,26.05945498,PROFI
5223,"PROFI BUC.SALAJAN","B-Dul Nicolae Grigorescu Nr 51,B M1",44.41221676,26.16385058,PROFI
5767,"PROFI BUCURESTI (BASARABIA)","Bd-ul Basarabia, nr. 100,BL E2,Sect",44.43270155,26.15404844,PROFI
5943,"PROFI BUCURESTI (ONIX RESIDENCE)","splaiul Independentei 202k, bloc 4,",44.44265049,26.0664523,PROFI
6061,"PROFI BUCURESTI - FABRICII","str. Fabricii nr.25, sector 6",44.4383767,26.03654901,PROFI
6158,"PROFI BUCURESTI - FERENTARI 20","Calea Ferentari, Nr. 20, Bloc 126,",44.40868977,26.07746731,PROFI
6153,"PROFI BUCURESTI 13 SEPTEMBRIE 111","Calea 13 Septembrie nr 111, bl.107",44.4241774,26.07613405,PROFI
6125,"PROFI BUCURESTI BARCA","Str. Barca, Nr. 14, sector 5 -NDS",44.41066389,26.06434518,PROFI
6285,"PROFI BUCURESTI BD. 1 MAI 15","B-dul 1 Mai nr.15, bl.C3, parter,",44.41960299,26.04915674,PROFI
6135,"PROFI BUCURESTI BERINDEI","Bucuresti, Str. Berindei, Nr. 11",44.46230015,26.13172014,PROFI
5242,"PROFI BUCURESTI DACIA","Bulevardul Dacia",44.44376371,26.118306,PROFI
6311,"PROFI BUCURESTI DOAMNA GHICA 6","Str. Doamna Ghica, Nr. 6, BL.3,Sec2",44.4629949,26.1308849,PROFI
6327,"PROFI BUCURESTI ION URDAREANU 7A","Strada Ion Urdareanu nr 7A,",44.423485,26.069873,PROFI
5227,"PROFI BUCURESTI LIBERTATII","Bd. Libertatii,nr 1A,bl.A1,Sect. 4",44.42149026,26.08966738,PROFI
5406,"PROFI BUCURESTI LIVEZILOR","Aleea Livezilor nr 27A,SECTOR 6",44.3919,26.0804,PROFI
5753,"PROFI BUCURESTI MARGEANULUI","Str Margeanului nr 12,sector 5",44.40620099,26.05847061,PROFI
6150,"PROFI BUCURESTI MIHAI BRAVU 7","Bdul Mihai Bravu 7, Sector 2",44.44673038,26.126459,PROFI
5415,"PROFI BUCURESTI MORRUZZI","Str Alexandru Morruzzi Voievod nr14",44.4204443,26.12424642,PROFI
6279,"PROFI BUCURESTI NICOLAE PASCU 1A","Strada  Nicolae Pascu nr.1A,bl.8",44.40919788,26.14105845,PROFI
5214,"PROFI BUCURESTI OZANA","Str.Jean Steriadi Nr 11,Sector 3",44.41321402,26.17856182,PROFI
5408,"PROFI BUCURESTI PANTELIMON","Sos Pantelimon nr 291,bl 9,parter",44.4424852,26.17065946,PROFI
5152,"PROFI BUCURESTI PANTELIMON  92","Sos.Pantelimon 92",44.44424197,26.1417304,PROFI
6222,"PROFI BUCURESTI PANTELIMON 266","Soseaua Pantelimon nr 266, Sector 2",44.4421547,26.1602945,PROFI
6289,"PROFI BUCURESTI PANTELIMON 352","Soseaua Pantelimon, nr. 352, Bl. 3",44.44138778,26.17636836,PROFI
6262,"PROFI BUCURESTI PANTELIMON 356","Soseaua Pantelimon 356,bloc 1,sect2",44.44069859,26.18097388,PROFI
5805,"PROFI BUCURESTI PANTELIMON 362","Sos Pantelimon nr 362,sector 2",44.44010509,26.18190587,PROFI
5653,"PROFI BUCURESTI RACARI","Str.Racari nr 57,sect 3",44.41323701,26.13751531,PROFI
5294,"PROFI BUCURESTI SALAJ","Soseaua Salaj Nr 133,Sector 5",44.40595889,26.07481867,PROFI
5289,"PROFI BUCURESTI VACARESTI","Calea Vacaresti Nr 176-178",44.4155,26.1133,PROFI
6168,"PROFI BUCURESTI VACARESTI 302-304","Calea Vacaresti 302-304,Bloc 1C",44.40675209,26.12082657,PROFI
5802,"PROFI BUCURESTI(BRAVU)","Soseaua Mihai Bravu nr 6",44.44725183,26.12575114,PROFI
5712,"PROFI BUCURESTI(STOLNICUL)","Str.Stolnicul Vasile 4,BL30,Sector2",44.45392106,26.14483505,PROFI
6241,"PROFI BUCURESTI-ION GARBEA","Strada Ion Garbea 26, Sector 5, Buc",44.42552689,26.06726638,PROFI
6185,"PROFI BUCURESTI-PANTELIMON 328","Sos. Pantelimon, Nr. 328,",44.44183702,26.1716103,PROFI
5810,"PROFI CALAFAT(VLADIMIRESCU)","Str. Tudor Vladimirescu, bl. A15 pa",43.9843543,22.93221116,PROFI
6190,"PROFI CIUPERCENII NOI","Granicerilor nr1,Sat Ciuperceni Noi",43.9092,22.948,PROFI
5668,"PROFI CLUJ (DONATH)","str. Donath, nr. 15",46.77215824,23.55827093,PROFI
5652,"PROFI CLUJ (HASDEU)","str. Bogdan Petriceiu Hasdeu,nr. 69",46.76282085,23.57787922,PROFI
5663,"PROFI CLUJ (MEHEDINTI)","str. Mehedinti, nr. 74",46.75003564,23.55786055,PROFI
5299,"PROFI CLUJ ADINA","St.21decembrie1989,Nr 133,Sc3,Ap120",46.77802796,23.61147255,PROFI
5297,"PROFI CLUJ ALINA","Blv.Nicolae Titulescu Nr 163",46.76946007,23.61595452,PROFI
5298,"PROFI CLUJ CRINA","Str.Viilor Nr 40",46.75631724,23.58319804,PROFI
5332,"PROFI CLUJ DUNARII","Str.Dunarii Nr 22",46.7762511,23.62836242,PROFI
5260,"PROFI CLUJ FLORA","Str.Padin Nr 20",46.75753863,23.55088949,PROFI
5163,"PROFI CLUJ GRIGORESCU","Str. Fantanele Nr.53",46.76636304,23.54948938,PROFI
5296,"PROFI CLUJ IOANA","Blv.Nicolae Titulescu Nr 18,Ap.81b",46.76909374,23.60865355,PROFI
5314,"PROFI CLUJ ION MESTER","Str.Ion Mester Nr 5",46.75685777,23.55861962,PROFI
5599,"PROFI CLUJ MANASTUR","Calea Manastur nr 109 A",46.7591127,23.55833665,PROFI
5159,"PROFI CLUJ MARASTI","P-Ta Marasti",46.77735684,23.61579359,PROFI
5300,"PROFI CLUJ MERCUR","Str.Detunata Nr 1,Ap 10",46.76736336,23.62468243,PROFI
5667,"PROFI CLUJ NAPOCA (BUCURESTI)","Str Bucuresti nr 79",46.78134637,23.6089325,PROFI
5997,"PROFI CLUJ NAPOCA BORHANCI","Strada Alexandru Rosca nr 5,",46.7558399,23.62349415,PROFI
5847,"PROFI CLUJ NAPOCA(RODNEI)","Strada Rodnei nr. 44",46.78896954,23.64403818,PROFI
6100,"PROFI CLUJ NAPOCA-LIVEZII","str. Livezii, nr.1, jud. Cluj",46.78147886,23.60369116,PROFI
5349,"PROFI CLUJ VLAICU","Str Aurel Vlaicu Nr 27",46.78153994,23.62609966,PROFI
5162,"PROFI CLUJ ZORILOR","Str. Observatorului",46.7531396,23.58183146,PROFI
5925,"PROFI CLUJ(SOPORULUI)","str. Soporului, nr. 11, jud.Cluj",46.7683491,23.63738637,PROFI
5682,"PROFI CLUJ(ZORILOR 2)","Str Zorilor nr 44",46.75591628,23.57837677,PROFI
5751,"PROFI CLUJ-NAPOCA (PASTEUR)","Str. Pasteur, nr. 79",46.75476042,23.57575357,PROFI
6178,"PROFI CLUJ-NAPOCA BORHANCIULUI","Calea Borhanciului nr. 76G bl.2B",46.74915805,23.64422503,PROFI
6198,"PROFI CLUJ-NAPOCA DAMBOVITEI 47","str.  Dambovitei, nr. 47, ap.1",46.78191973,23.62745402,PROFI
6202,"PROFI CLUJ-NAPOCA DOROBANTILOR 70","Str. Dorobantilor, nr.70, bloc Y 13",46.77304521,23.60771874,PROFI
6011,"PROFI CLUJ-NAPOCA FABRICII DE ZAHAR","Strada Fabricii de Zahar nr 66",46.78280127,23.62236054,PROFI
5894,"PROFI CLUJ-NAPOCA(IONESCO)","str. Eugen Ionesco, nr.  73",46.74425739,23.5850456,PROFI
5980,"PROFI CONSTANTA (DELFINARIU)","Str. Zorelelor, Nr. 67-69,Judet CT",44.20491444,28.64515563,PROFI
5993,"PROFI CONSTANTA (TOMIS, NR.153)","Bd. Tomis, Nr. 153, jud. Constanta",44.19029969,28.64052674,PROFI
5486,"PROFI CONSTANTA BADEA CARTAN","str. Badea Cartan, nr. 14",44.20154904,28.61696005,PROFI
6307,"PROFI CONSTANTA BLD. 1 MAI 82","B-dul 1 Mai, nr. 82A, Bl. 104,ap.12",44.1554403,28.63102871,PROFI
6314,"PROFI CONSTANTA BLD. TOMIS 309","Bld. Tomis, nr. 309, magazin 92-B",44.20588373,28.61807364,PROFI
5509,"PROFI CONSTANTA CAPITOL","B-dul Tomis nr 136",44.1914014,28.63961263,PROFI
5358,"PROFI CONSTANTA CARAGIALE","Str.I.L.Caragiale Nr 14",44.17561327,28.62174779,PROFI
5525,"PROFI CONSTANTA CARAIMAN","Str.Prelungirea Caraiman nr 4A",44.15621484,28.61374408,PROFI
5395,"PROFI CONSTANTA CET","Str Egretei Nr 16",44.16033012,28.6107561,PROFI
6448,"PROFI CONSTANTA DEZROBIRII 118","Str. Dezrobirii nr.118, BL.IS5,sc C",44.1737,28.6107,PROFI
6136,"PROFI CONSTANTA FAGETULUI","Str. Fagetului nr. 142, bl.ST8",44.19516495,28.6392097,PROFI
6443,"PROFI CONSTANTA I L CARAGIALE 4","str. I. L. Caragiale,nr4",44.1803,28.634,PROFI
5185,"PROFI CONSTANTA KM 4-5","Str.Liliacului Nr. 1",44.1463223,28.61981124,PROFI
6018,"PROFI CONSTANTA LIRA","str. Constantin Bobescu nr.23",44.1796002,28.6095622,PROFI
5385,"PROFI CONSTANTA PIATA GRIVITA","Str. Mihaileanu, Nr. Ap. Magazin 1b",44.17727287,28.64446954,PROFI
5370,"PROFI CONSTANTA SOVEJA","Str. Soveja Nr. 54",44.19501693,28.62422884,PROFI
5390,"PROFI CONSTANTA TOMIS","Blv.Tomis Nr 318",44.20044913,28.62744078,PROFI
6138,"PROFI CONSTANTA TOMIS 220","Bulevardul Tomis nr. 220,bl.TD6,",44.19314114,28.63824538,PROFI
5800,"PROFI CONSTANTA(GARA)","B-dul 1MAI,bloc J10",44.16652875,28.63379627,PROFI
5895,"PROFI CONSTANTA(UNIRII)","Strada Unirii nr. 70",44.2030231,28.64917475,PROFI
6160,"PROFI CONSTANTA-FARULUI","Piata Farului, Bl. PF4",44.15779532,28.62954356,PROFI
6116,"PROFI CONSTANTA-VERONA","str. Verona nr.4",44.21950209,28.59917152,PROFI
5801,"PROFI CRAIOVA (BRAZDA LUI NOVAC)","str. Brazda lui Novac, nr. 55",44.32754049,23.79764199,PROFI
6333,"PROFI CRAIOVA BLD OLTENIA 45","B-dul Oltenia nr 45, bl.64A, sc.1",44.33740448,23.78263228,PROFI
5522,"PROFI CRAIOVA CASTANILOR","str. Castanilor, nr. 12",44.33668611,23.78645795,PROFI
6286,"PROFI CRAIOVA DEZROBIRII 134(DJ)","Strada Dezrobirii 134, Craiova,",44.32000917,23.82237806,PROFI
5519,"PROFI CRAIOVA FARAGO","Str.Elena Farago nr 4B",44.34186459,23.77738055,PROFI
6269,"PROFI CRAIOVA IMPARATUL TRAIAN 59","Strada Imparatul Traian 59,",44.31543522,23.80892527,PROFI
5318,"PROFI CRAIOVA NOVACI","Str.Brazda Lui Novac Nr 66",44.32953913,23.80515218,PROFI
5348,"PROFI CRAIOVA SARBU","Str I.D. Sarbu Nr 7a",44.30613434,23.81891727,PROFI
6240,"PROFI CRAIOVA SF.DUMITRU 2(UNIRII)","Str. Sf. Dumitru nr.2 bl.Bl. 1",44.3156166,23.79488698,PROFI
6334,"PROFI CRAIOVA TRAIAN LALESCU 9","Str. Traian Lalescu, Nr. 9,",44.32033604,23.82550336,PROFI
5542,"PROFI CRAIOVA UNIRII","Complex Mercur, Calea Unirii, nr.14",44.31755196,23.79358113,PROFI
5262,"PROFI CRAIOVA(SIMPLON)","Str 1 Decembrie 1918,Nr 27",44.33211777,23.79912257,PROFI
6244,"PROFI CRAIOVA-DECEBAL","Str. Decebal, Nr. 60, Bl. 36-37",44.3207,23.8309,PROFI
5184,"PROFI CT. ABATOR","Sos.Mangaliei Nr.76",44.16089613,28.62900987,PROFI
5798,"PROFI CURTEA DE ARGES(TRAIAN)","Str Traian nr 1",45.14069737,24.67232852,PROFI
5158,"PROFI GEMENII BRASOV","B-Dul. Saturn Nr. 1 A",45.64919431,25.62792242,PROFI
5147,"PROFI GHENCEA","Bd. Ghencea,Nr.38,Bloc C63,Sect.6",44.4153,26.0435,PROFI
5195,"PROFI IASI","Str.Clopotari Nr16-20,Bl.607 Sc.A-C",47.13766453,27.58133765,PROFI
5768,"PROFI IASI (CANTEMIR)","Bd. Dimitrie Cantemir Nr. 7",47.15125838,27.58084915,PROFI
5848,"PROFI IASI (COPOU)","Bd.Carol nr 5",47.17187598,27.57411151,PROFI
5995,"PROFI IASI (MINERVEI)","Str. Minervei , nr.10, jud.Iasi",47.14527533,27.57896121,PROFI
6175,"PROFI IASI ALEXANDRU CEL BUN 50","Str. Alexandru cel Bun, Nr. 50, Bl.",47.16386058,27.56379954,PROFI
6261,"PROFI IASI BASARABI 5 VOIEVOZILOR19","strada Basarabi, nr. 5, Bl. A1,Sc.2",47.16328909,27.5596813,PROFI
5630,"PROFI IASI CANTA","Str Canta nr 41",47.17281346,27.54138514,PROFI
5467,"PROFI IASI CAROL","B-dul Carol nr 48",47.17979095,27.56905586,PROFI
5372,"PROFI IASI HAN TATAR","Str Han Tatar Nr 6",47.15895812,27.61310301,PROFI
5430,"PROFI IASI INDEPENDENTEI","B-dul  Independentei nr 1A",47.16884071,27.57922038,PROFI
6294,"PROFI IASI NICOLAU NR.1-3","Str. Nicolau nr 1,3, Bloc 588,",47.17409008,27.55560597,PROFI
5320,"PROFI IASI NICOLINA","Soseaua Nicolina,Nr 3,Bl 928",47.13897408,27.57868964,PROFI
6142,"PROFI IASI NICOLINA 12","Sos Niculina, nr 12, bl.937, Sc. A,",47.13860699,27.57724,PROFI
6082,"PROFI IASI NICOLINA 59","Strada Nicolina nr. 59, Jud Iasi",47.13249761,27.57206312,PROFI
5293,"PROFI IASI PACURARI","Str .Pacurari Bl 589",47.17442184,27.5532965,PROFI
6148,"PROFI IASI PACURARI 112","str. Pacurari, jud. Iasi",47.17292599,27.53176737,PROFI
6040,"PROFI IASI PACURARI 120-122","str. Pacurari 120-122, jud. Iasi",47.17374673,27.55917033,PROFI
5367,"PROFI IASI PIATA VOIEVOZILOR","Piata Voievozilor Nr 8-9,Bl X6 Bis",47.16059866,27.56540566,PROFI
5546,"PROFI IASI PODU DE PIATRA","Str.Nicolae Iorga nr 236",47.15605526,27.57445376,PROFI
5528,"PROFI IASI ROND VECHI","STR. NICOLINA NR. 968",47.13531989,27.57397629,PROFI
5481,"PROFI IASI STEJAR","Str.Stejar nr 13",47.1627046,27.61191886,PROFI
5908,"PROFI IASI(CLOPOTARI)","Str.Clopotari Nr.11, jud.Iasi",47.14041026,27.58332582,PROFI
5896,"PROFI IASI(SIMIONESCU)","Str.Prof.I Simionescu Nr.1,Bl.SD9,",47.16829923,27.54771528,PROFI
6212,"PROFI IASI-NICOLINA 116","Sos. Nicolina, Nr. 1011, Bl. 116",47.12681101,27.56675492,PROFI
6156,"PROFI IASI-VITEJILOR","str. Vitejilor nr 11 - 13, Bloc SD7",47.16773733,27.54783283,PROFI
5245,"PROFI IOSEFIN-TIMISOARA","Blv.Tineretului Nr 1",45.74587197,21.21525407,PROFI
5150,"PROFI MEHADIA","G.Valsan(Mehadia),Nr.22",44.4565,26.0436,PROFI
5942,"PROFI ORADEA (DECEBAL)","Mun. Oradea, Bd-ul Decebal nr.66",47.05713964,21.91751769,PROFI
6076,"PROFI ORADEA (LACUL ROSU)","str. Lacul Rosu, nr. 12A, bl.AN95",47.07437299,21.92740256,PROFI
5951,"PROFI ORADEA (PRIMARIEI)","Strada Primariei, nr 29",47.05676875,21.92177722,PROFI
5498,"PROFI ORADEA BUMBACULUI","Str Bumbacului nr 26",47.03265072,21.9586122,PROFI
5362,"PROFI ORADEA BUNEXIM","Str.Razboieni Nr 55",47.04394015,21.95390224,PROFI
5453,"PROFI ORADEA CANTACUZINO","Str I.Cantacuzino nr 21",47.07703604,21.92306355,PROFI
5356,"PROFI ORADEA CAZABAN","Str. Erofte Grigore Nr. 3 Bl. An36",47.06510138,21.90878212,PROFI
5161,"PROFI ORADEA DACIA","Bul. Dacia",47.07189398,21.9169627,PROFI
6259,"PROFI ORADEA DACIA","Bvd. Dacia, nr. 53, bl. AN49,ORADEA",47.07240113,21.91762271,PROFI
5441,"PROFI ORADEA DACIA 2","Str.Dacia nr 40",47.0691,21.9242,PROFI
6162,"PROFI ORADEA DECEBAL","Str. Decebal nr 24-26,",47.06031678,21.91937881,PROFI
6235,"PROFI ORADEA GEN. GHE.MAGHERU 8","Str. Magheru, nr.6-8, Jud. Bihor",47.06073673,21.93980348,PROFI
6238,"PROFI ORADEA MENUMORUT 1A(DECEBAL)","Oradea-Str. Menumorut 1A, Jud Bihor",47.06505736,21.92346823,PROFI
6260,"PROFI ORADEA MESTESUGARILOR","Str. Mestesugarilor, nr.71,bl.AN120",47.064855,21.90485489,PROFI
6137,"PROFI ORADEA NUFARULUI 39","Str Nufarului nr 39, bl.D112,",47.034011,21.94841456,PROFI
5507,"PROFI ORADEA PASTEUR","Str.Luis Pasteur nr 165",47.06493694,21.95549011,PROFI
6109,"PROFI ORADEA PIATA BUCURESTI","Str. Piata Bucuresti, Nr. 4",47.07014628,21.93464351,PROFI
5389,"PROFI ORADEA SOVATA","Str. Sovata Nr 50",47.06890512,21.91333115,PROFI
6303,"PROFI ORADEA STEFAN CEL MARE 126","Str. Stefan cel Mare, nr.126/A",47.08067117,21.92212719,PROFI
5209,"PROFI PASCANI","Str Stefan Cel Mare,Bl V 1-3 Parter",47.24911746,26.71995699,PROFI
5230,"PROFI PETRILA","Tudor Vladimirescu Bl.36d",45.44489368,23.38021517,PROFI
5860,"PROFI PETRILA(LONEA)","Str Republicii nr 276 bis",45.44748979,23.42100021,PROFI
5172,"PROFI PETROSANI","Str.1decembrie1918,Zona Parc Spital",45.41519445,23.37341309,PROFI
5478,"PROFI PETROSANI 2","Str  1 Decembrie 1918",45.41680611,23.37229729,PROFI
5505,"PROFI PETROSANI PACII","Str.Pacii nr 22",45.40815228,23.37462544,PROFI
6248,"PROFI PITESTI BLV. IC BRATIANU 10","Cartier Central,Blv I. C. Bratianu",44.85664327,24.87730587,PROFI
5492,"PROFI PITESTI CALEA DRAGASANI","Calea Dragasani nr 5",44.8438,24.8524,PROFI
5286,"PROFI PITESTI GAVANA","B-Dul 1 Decembrie 1918,Nr 12,Bl M4",44.87230954,24.84481394,PROFI
5287,"PROFI PITESTI NEGOIU","Calea Craiovei Nr 109",44.8450841,24.8806813,PROFI
5484,"PROFI PITESTI NEGRU VODA","Str.Negru voda nr 2-4",44.86280266,24.86551469,PROFI
5377,"PROFI PITESTI PALTINULUI","Complex Albina,Bloc C15,Parter",44.87321285,24.84074183,PROFI
5376,"PROFI PITESTI RAZBOIENI","Cartier Razboieni,Complex Alimentar",44.83999396,24.87612605,PROFI
5577,"PROFI PITESTI REBREANU","Str.Liviu Rebreanu bl N1/N2",44.86801312,24.84740688,PROFI
5373,"PROFI PITESTI TRIVALE","Str Libertatii Nr 44",44.84973085,24.84628379,PROFI
5424,"PROFI PITESTI TUDOR","Str Tudor Vladimirescu nr 13 B",44.847358,24.88943289,PROFI
5777,"PROFI PITESTI(BUCURESTI)","U2-U3 Calea Bucuresti",44.86422962,24.87758754,PROFI
5261,"PROFI PITESTI(CEAIR)","Str.Nicolae Grigorescu,",44.86405174,24.87483859,PROFI
6219,"PROFI PITESTI-LIVEZILOR 1","Str. Livezilor, Nr. 2, Complex",44.86453539,24.87036029,PROFI
5169,"PROFI PLOIESTI","Calea Marasesti Nr.265b",44.92969073,25.99636942,PROFI
5983,"PROFI PLOIESTI (BUCURESTI)","Bd. Bucuresti, Nr. 24 A,",44.91792508,26.03411768,PROFI
6033,"PROFI PLOIESTI (CANTACUZINO)",", Str. Ghe. Cantacuzino, Nr. 220A",44.93801719,25.99638371,PROFI
5783,"PROFI PLOIESTI (SONDELOR)","Str. Sondelor, Nr. 62",44.92707679,26.00287485,PROFI
5371,"PROFI PLOIESTI BLV BUCURESTI","Blv Bucuresti Nr 9, Bl 8a",44.92196914,26.0345836,PROFI
6292,"PROFI PLOIESTI CAMELIEI 17","Str. Cameliei, Nr. 17, Ploiesti,",44.9616387,26.00699939,PROFI
5236,"PROFI PLOIESTI CARPATEX","Str Lupeni Nr 6",44.93399664,26.03266346,PROFI
5324,"PROFI PLOIESTI CHIMIEI","Str Chimiei Nr 5",44.93892355,26.0464704,PROFI
6005,"PROFI PLOIESTI GAGENI","Strada Gageni, Nr 111A,",44.95760471,26.01219875,PROFI
5267,"PROFI PLOIESTI GRIGORESCU","Str.Eremia Grigorescu Nr 8",44.93619753,25.98357268,PROFI
5170,"PROFI PLOIESTI MALU R","Str. Malu Rosu Nr.85",44.94204785,25.99689008,PROFI
6058,"PROFI PLOIESTI STRANDULUI","strada Strandului,PLOIESTI",44.95245831,26.04410041,PROFI
5151,"PROFI RITMULUI","Ritmului,Nr.16,Sect.2,",44.44479442,26.13607228,PROFI
5154,"PROFI STADE","Str. Aries Nr. 9",45.74195132,21.23916328,PROFI
5212,"PROFI TIMIS.DACILOR","Str.Dacilor Nr 25",45.76002668,21.24861807,PROFI
6022,"PROFI TIMISOARA (AVERESCU 70)","str. Maresal Al. Averescu, nr. 70B",45.73201426,21.22818205,PROFI
5820,"PROFI TIMISOARA (AVERESCU)","str. Maresal Al. Averescu, nr. 70",45.73194517,21.22873753,PROFI
5975,"PROFI TIMISOARA (BOGDANESTILOR 165)","Calea Bogdanestilor 165, jud. Timis",45.7526964,21.1902519,PROFI
5757,"PROFI TIMISOARA (BORZESTI)","str.  Sf. Apostoli Petru si Pavel,",45.77523108,21.24002159,PROFI
6008,"PROFI TIMISOARA (DOMASNEANU)","Martir P. Domasneanu, nr.70",45.76046964,21.20651125,PROFI
5791,"PROFI TIMISOARA (LACULUI)","str. Lacului, nr. 24",45.73383983,21.1999467,PROFI
5929,"PROFI TIMISOARA (MUNTENIEI)","str. Munteniei, nr.11, jud. Timis",45.76749491,21.20657183,PROFI
5809,"PROFI TIMISOARA (STEFAN CEL MARE)","str. Stefan cel Mare, nr. 45",45.75179659,21.2516892,PROFI
6046,"PROFI TIMISOARA (UMT)","str. Avram Imbroane,nr . 9 j",45.77526595,21.26166341,PROFI
6155,"PROFI TIMISOARA - ELISABETA RIZEA","str. Elisabeta Rizea,Nr. 103",45.72110294,21.23736512,PROFI
6026,"PROFI TIMISOARA AGRONOMIE","Str. Calea Aradului nr.119, jud.Tim",45.78190292,21.21657433,PROFI
6300,"PROFI TIMISOARA ALEEA STUDENTILOR 4","Aleea Studentilor, nr.4A",45.749515,21.2407693,PROFI
5400,"PROFI TIMISOARA ARDEALUL FREIDORF","Str Ardealul Nr 2/4",45.72884609,21.18117124,PROFI
5429,"PROFI TIMISOARA ASTRILOR","Str.Astrilor nr 20-26",45.73389006,21.25027299,PROFI
5364,"PROFI TIMISOARA BALCESCU","Piata Balcescu Nr 2",45.74168945,21.22493148,PROFI
5608,"PROFI TIMISOARA BARNUTIU","Str Simion Barnutiu nr 67-69",45.76469072,21.25880577,PROFI
5166,"PROFI TIMISOARA BICAZ","Str.Ion Mihalache 25-27",45.75719762,21.25515193,PROFI
6110,"PROFI TIMISOARA CALEA ARADULUI","Calea Aradului nr 46C, jud. Timis",45.7748286,21.22169269,PROFI
5402,"PROFI TIMISOARA CALEA SAGULUI","Calea Sagului Nr 55",45.72866307,21.20633304,PROFI
5417,"PROFI TIMISOARA CETATII","Blv. Cetatii nr 79",45.76802484,21.21637255,PROFI
5398,"PROFI TIMISOARA COMPLEX","Aleea Studentilor Nr 2",45.74897557,21.23939395,PROFI
5536,"PROFI TIMISOARA CUGIR","Str.Cugir nr 18,bl 78",45.77585782,21.21662602,PROFI
6038,"PROFI TIMISOARA DACIA","Strada Burebista Nr.8-14",45.7654397,21.21861876,PROFI
5439,"PROFI TIMISOARA DOROBANTILOR","Calea Dorobantilor nr 3 P/E,AP I/2",45.76210936,21.26014553,PROFI
5404,"PROFI TIMISOARA GH LAZAR","Str Gh Lazar nr 33",45.76258569,21.21131927,PROFI
6319,"PROFI TIMISOARA GHEORGHE LAZAR 40","Strada Gheorghe Lazar 40, Timisoara",45.76137895,21.21545233,PROFI
5471,"PROFI TIMISOARA GODEANU","Str.Martir Gabriela Tako nr 4",45.77579605,21.24318659,PROFI
5600,"PROFI TIMISOARA HOTINULUI","Aleea Hotinului nr 2,Parter,Sad 1",45.77043655,21.21848613,PROFI
5335,"PROFI TIMISOARA LIDIA","St Maresal Alexandru Averescu Nr 92",45.73172955,21.23479396,PROFI
5259,"PROFI TIMISOARA LIPOVEI","Calea Sever Bocu Nr 31",45.77352106,21.2315914,PROFI
5576,"PROFI TIMISOARA MARASTI","Intrarea Doinei nr 19-21",45.75982126,21.22805357,PROFI
5664,"PROFI TIMISOARA MASLINULUI","Str.Maslinului nr 11",45.75466483,21.20092303,PROFI
5462,"PROFI TIMISOARA MEHALA","str. Ovidiu Balea, nr. 2",45.7670339,21.19496584,PROFI
6315,"PROFI TIMISOARA MURES 118B","Str Mures 118B",45.72879106,21.23424511,PROFI
5483,"PROFI TIMISOARA POMICULTURII","Str .Pomiculturii nr 23",45.77144077,21.23648107,PROFI
5450,"PROFI TIMISOARA REVOLUTIEI","Bv Revolutiei nr 7",45.75584985,21.23351589,PROFI
5530,"PROFI TIMISOARA RIPENSIA","Aleea FC Ripensia nr 29",45.74319424,21.24303102,PROFI
6290,"PROFI TIMISOARA SALCAMILOR 34","str Salcamilor, nr 34, jud Timis",45.73381304,21.23083775,PROFI
5644,"PROFI TIMISOARA TAKE IONESCU","Str Take Ionescu nr 51",45.76087516,21.24074453,PROFI
5573,"PROFI TIMISOARA VAIDA","Str.Alexandru Vaida Voievod nr 1",45.74953196,21.24325097,PROFI
5868,"PROFI TIMISOARA(BEHELEI)","Str Behelei nr 2",45.76317826,21.25830889,PROFI
5907,"PROFI TIMISOARA(ETERNITATII)","str.Eterntatii, nr.8, jud.Timis",45.7218027,21.20170069,PROFI
5992,"PROFI TIMISOARA(FAVORIT)","Calea Bogdanestilor nr.2",45.75704187,21.21503222,PROFI
5918,"PROFI TIMISOARA(ISLAZ)","Strada Islaz nr 87, Timis",45.72132065,21.2051666,PROFI
5795,"PROFI TIMISOARA(LUCACIU)","Str Vasile Lucaciu nr 10",45.76175614,21.23497367,PROFI
5696,"PROFI TIMISOARA(MARIA)","Str.16 Decembrie 1989,nr 8",45.74845014,21.21826619,PROFI
5881,"PROFI TIMISOARA(PIATA IOSEFIN)","Str.Iancu Vacarescu 24-26",45.74501906,21.20882292,PROFI
5845,"PROFI TIMISOARA(PREZAN)","Str Maresal Constantin Prezan 23 25",45.73128777,21.24777879,PROFI
6249,"PROFI TIMISOARA- IOAN PLAVOSIN","str. Ioan Plavosin nr.8 -Horia nr18",45.76293129,21.20771885,PROFI
6104,"PROFI TIMISOARA-(BOCU 41)","Calea Sever Bocu nr 41, Jud Timis",45.77656981,21.23297589,PROFI
6223,"PROFI TIMISOARA-IOAN SLAVICI","str. Ioan Slavici nr.62",45.72414165,21.17573168,PROFI
6239,"PROFI TIMISOARA-VENUS","Strada Venus nr 35, corp B, Scara A",45.7304147,21.25478621,PROFI
5183,"PROFI TOMIS 2","Str.Mircea Cel Batran Nr.144",44.189164,28.6433503,PROFI
5182,"PROFI TOMIS NORD","Str.Dispensarului Nr.18",44.21274895,28.62535805,PROFI
5156,"PROFI VLAICU","Calea. Aurel Vlaicu Bl. Z18-19",46.19449165,21.30287647,PROFI
7007,"Pascani Eugen Stamate Bl.d2","Str.Eugen Stamate,Bl. D2,sc. C-D",47.2457,26.7228,PROFI
7485,"Petrila 8 Martie Nr.5","str. 8 Martie, nr. 5",45.4475,23.3869,PROFI
7168,"Petrosani 1 Decembrie 1918","Strada 1 Decembrie 1918, nr.110",45.4128,23.3747,PROFI
6999,"Pitesti Carpati","str. Carpati nr.1A,bloc Nord,parter",44.8691,24.8586,PROFI
7173,"Pitesti Petrochimistilor 13","Bd Petrochimistilor nr.13,Bloc B8",44.836,24.9031,PROFI
7142,"Pitesti Petrochimistilor 39","Bd Petrochimistilor nr.39,bloc C",44.8297,24.911,PROFI
7399,"Pitesti Teilor 41","Pitesti, str.Teilor nr.41,Bloc Maia",44.8548,24.8654,PROFI
6470,"Pitesti Victoriei 12","str. Victoriei nr. 12",44.857,24.8731,PROFI
6822,"Ploiesti Aleea Iezerului","Aleea Iezerului nr.5-7, Ploiesti",44.932,25.9947,PROFI
10882,"Preajba Henry Ford 8","Aleea 1 Henry Ford, nr 8, Preajba, DOLJ",44.2918,23.842,PROFI
7358,"Strejnicu Principala 194","Str. Principala, Nr. 194",44.9167,25.951,PROFI
8859,"Timisoara Ardealului 1c","Str. Ardealului, nr. 1C,",45.7289,21.1805,PROFI
7847,"Timisoara Armoniei 25","Mun. Timisoara, str. Armoniei nr. 2",45.7835,21.2238,PROFI
7484,"Timisoara Gh. Lazar 5","Str. Gh. Lazar, nr.5, ap.2( SAD)",45.7576,21.2271,PROFI
7487,"Timisoara Iuliu Maniu 1","Bulevardul Iuliu Maniu , nr.1",45.7392,21.2095,PROFI
8920,"Timisoara Mangalia 1","str Mangalia, nr. 1",45.7386,21.2066,PROFI
7371,"Timisoara Mioritei 17","Strada Miorita, nr.17, Timisoara",45.7506,21.2458,PROFI
7130,"Timisoara Moise Dobosan 127","Mun.Timisoara, Str.Moise Dobosan127",45.7601,21.1838,PROFI
11299,"Timisoara Mures 188-190","str. Mures, nr. 188-190",45.7279,21.2409,PROFI
7858,"Timisoara Musicescu 159","Strada Gavril Musicescu, nr.159",45.725,21.2466,PROFI
7083,"Timisoara Sudului 10-14","B-dul Sudului 10, bl.71, parter",45.7351,21.2491,PROFI
7002,"Timisoara Vlad Banateanu 1a","Str. Vlad Banateanu nr.1A, scara B",45.776,21.2126,PROFI
10508,Visan,"Strada Sfantul Ilie, Nr 78",47.1208,27.6002,PROFI
2605,"Selgros Alba Iulia","B-dul Republicii, nr.30A",46.08031389,23.57551944,SELGROS
2597,"Selgros Bacau","Str. Prelungirea Bradului, nr.135B",46.58718333,26.90659444,SELGROS
2601,"Selgros Braila","Str. Râmnicu Sărat, nr.92B",45.27224167,27.93105278,SELGROS
2594,"Selgros Cluj Napoca","Calea Someșeni, nr. 8",46.77746944,23.64870833,SELGROS
2603,"Selgros Constanta Tomis","B-dul Tomis, nr. 387",44.21137222,28.60886111,SELGROS
2596,"Selgros Ploiesti","Sat Blejoi nr.1190",44.94294722,25.97826111,SELGROS
2592,"Selgros Timisoara","Calea Aradului, nr. 64",45.78780556,21.22081389,SELGROS
2599,"Selgros  Iași","Șos. Nicolina, nr.57A",47.13258889,27.57441667,SELGROS
7277,"Supeco Bacau","Str. Stefan cel Mare, nr. 28 A, Bacau",46.58092369,26.91413344,SUPECO
7267,"Supeco Cluj","Str.Calea Floresti, nr. 56, Cluj-Napoca, CJ,",46.76018979,23.5502651,SUPECO
7271,"Supeco Constanta","Sos. Mangaliei, Nr.74, Constanta",44.15432192,28.62706078,SUPECO
7259,"Supeco Craiova","200188 CRAIOVA CALEA SEVERINULUI 1-3 CRAIOVA",44.32706515,23.77704513,SUPECO
7281,"Supeco Oradea","Str. Corneliu Coposu nr. 10, Oradea, jud Bihor",47.07432221,21.91850658,SUPECO
