id,product,category
1362393,Antico Frantoio Ulei De Masline Extravirgin 0.5l,ALIMENTE DE BAZA
1395467,Antico Frantoio Ulei De Masline Extravirgin 0.5l,ALIMENTE DE BAZA
1299686,Atlas Orez 2kg,ALIMENTE DE BAZA
1118348,"Cacao Pudra Auchan 20-22% Grasime, 100g",ALIMENTE DE BAZA
1036859,Candel Stick Brun/Alb 60g,ALIMENTE DE BAZA
1064782,Dobrogea Faina Integrala De Grau Eco 1kg,ALIMENTE DE BAZA
1335743,Eko Nagymama Gem De Mure 315ml,ALIMENTE DE BAZA
1401057,Essenzio Ulei De Masline Extravirgin 1l,ALIMENTE DE BAZA
1067912,"Floriol Herbs Rosii, Usturoi Si Busuioc 250 Ml",ALIMENTE DE BAZA
1103029,Makaron Spirale 5kg,ALIMENTE DE BAZA
1243092,Minunea Nat.Ulei Floarea Soarelui1l,ALIMENTE DE BAZA
1067362,"Mix De Orez Rosu Si Quinoa Auchan, 400g",ALIMENTE DE BAZA
1350333,My Bio Ulei De Cocos Organic 450g,ALIMENTE DE BAZA
1217013,Nutella 450g,ALIMENTE DE BAZA
1152793,"Orez Basmati Auchan, 400g",ALIMENTE DE BAZA
1152792,"Orez Basmati Auchan, 500g",ALIMENTE DE BAZA
1049518,Orez Brun Auchan 500 G,ALIMENTE DE BAZA
1236310,Paco Fasole Rosie 500gr,ALIMENTE DE BAZA
1041191,Proxi Paste Melci 300g,ALIMENTE DE BAZA
1347714,Sabin Amestec Acid Acetic Si Otet 9% 1l,ALIMENTE DE BAZA
1347718,Sabin Otet Din Alcool 9% 5l,ALIMENTE DE BAZA
1068441,Sora Soarelui Ulei Din Floarea Soarelui 1l,ALIMENTE DE BAZA
1067790,Topaz Faina De Grau Superioara 1 Kg,ALIMENTE DE BAZA
1436015,Wolfberry Bio Ulei De Cocos 270g,ALIMENTE DE BAZA
1045828,Tigari Kent Switch Pink Ks,BAUTURI ALCOOLICE
1425043,Caramel Latte 250ml Crf Sensat,"CAFEA, CEAI"
1236482,Aripi Crispy Picante Kg,CARNE
999853,Carne Tocata Din Spata Porc  T,CARNE
1239178,Frigarui De Oaie Vid,CARNE
1002633,Frigarui Piept Porc Mar Arizon,CARNE
1002636,Frigarui Piept Porc Mar. Vrac,CARNE
1002637,Frigarui Piept Porc Natur,CARNE
1018080,Mesterul Mez.Condiment Ptr.Pastrama 1kg,CARNE
1240406,Pastrama De Oaie Integrala Afu,CARNE
1240407,Pastrama Din Spata De Oaie Vid,CARNE
1343915,Pui La Cuptor Condimentat Cu Usturoi / Kg,CARNE
1310424,Pui La Cuptor Condimentat Cu Usturoi/Kg,CARNE
1343916,Pulpe Inferioare La Cuptor / Kg,CARNE
1038271,Allergo Cookies Pepite Cioco 150g,"COFETARIE, DESERT, DULCIURI"
1101767,Autocar 320 G,"COFETARIE, DESERT, DULCIURI"
1310447,Baton Michalki Vrac,"COFETARIE, DESERT, DULCIURI"
1093848,Biscuiti  Dubla Ciocolata 120g,"COFETARIE, DESERT, DULCIURI"
1067899,Biscuiti Unt In Cutie  454g,"COFETARIE, DESERT, DULCIURI"
1036655,Bomboane Pom Christmas Truffles 450g,"COFETARIE, DESERT, DULCIURI"
1055379,Bomboniera Cipi Jeleuri Capsuna 75g,"COFETARIE, DESERT, DULCIURI"
1058653,Cake Mania Panettone Cu Ciocolata Si Porto 500gr,"COFETARIE, DESERT, DULCIURI"
1017196,Caramele Moi Cu Frisca 80g,"COFETARIE, DESERT, DULCIURI"
1043758,Casali Original Drajeuri Portocala 175g,"COFETARIE, DESERT, DULCIURI"
1025380,Celebrations Centerpiece 385g,"COFETARIE, DESERT, DULCIURI"
1155247,Choco Pack Figurine Iepurasi 180g,"COFETARIE, DESERT, DULCIURI"
1155368,Choco Pack Jeleu Iepuras 90g,"COFETARIE, DESERT, DULCIURI"
1155263,Choco Pack Pachet De Pasti 306g,"COFETARIE, DESERT, DULCIURI"
1155261,Choco Pack Pachet De Pasti 80g,"COFETARIE, DESERT, DULCIURI"
1155258,Choco Pack Pachet Paste 180g,"COFETARIE, DESERT, DULCIURI"
1336163,Chocopack Caramele Moi Gust Fructe Asortate 70g,"COFETARIE, DESERT, DULCIURI"
1308963,Chocoyoco Happy Easter Ciocolata Cu Lapte 175g,"COFETARIE, DESERT, DULCIURI"
1308976,Chocoyoco Happy Easter Ciocolata Cu Lapte 80g,"COFETARIE, DESERT, DULCIURI"
1063773,Cipi Caramele Fructe Asortate 100g,"COFETARIE, DESERT, DULCIURI"
1261990,Colian Alune Invelite In Ciocolata 125gr,"COFETARIE, DESERT, DULCIURI"
1261987,Colian Alune Invelite In Crusta De Zahar 100gr,"COFETARIE, DESERT, DULCIURI"
1261988,Colian Migdale Invelite In Ciocolata 80gr,"COFETARIE, DESERT, DULCIURI"
1256275,Coseli Buddy Praf Budinca Cu Aroma Vanilie 40g,"COFETARIE, DESERT, DULCIURI"
1256273,Coseli Crema Ciocolata 55g,"COFETARIE, DESERT, DULCIURI"
1256274,Coseli Crema Vanilie 55g,"COFETARIE, DESERT, DULCIURI"
1063037,Coseli Drojdie Instant 7gr,"COFETARIE, DESERT, DULCIURI"
1259055,Coseli Intaritor Frisca 10g,"COFETARIE, DESERT, DULCIURI"
1048231,Cozonac Duo 800g Sm,"COFETARIE, DESERT, DULCIURI"
1261710,Cp Figurine Mos Craciun Cu Fructoza 40g,"COFETARIE, DESERT, DULCIURI"
1105635,Cupper Ceai My Time Bio 44g,"COFETARIE, DESERT, DULCIURI"
1095698,Cutie Cadou Pentru Copii Piticot,"COFETARIE, DESERT, DULCIURI"
1402795,"Ecler Cu Vanilie 80g ""","COFETARIE, DESERT, DULCIURI"
1071612,Eco Chipsuri De Cocos 30g,"COFETARIE, DESERT, DULCIURI"
1038374,Ferrero Rocher Cioco,"COFETARIE, DESERT, DULCIURI"
1267042,Figurina Ciocolata Ingeras Roz Marzipan 30g,"COFETARIE, DESERT, DULCIURI"
1267043,Figurine Ciocolata Ingeras Albastru Marzipan 30g,"COFETARIE, DESERT, DULCIURI"
1302349,Figurine Iepuras 30g,"COFETARIE, DESERT, DULCIURI"
1351144,Finero Acadele Craciun/Bastonase Aroma Capsuni 28g,"COFETARIE, DESERT, DULCIURI"
1042889,Geanta Sarbatori 320 G,"COFETARIE, DESERT, DULCIURI"
1039438,Gerble No Gluten Chec Crema Cacao 180g,"COFETARIE, DESERT, DULCIURI"
1066607,Grandugale Panettone Ciocolata Margarine 750g,"COFETARIE, DESERT, DULCIURI"
1050760,Halls Red Fruit 33.5g,"COFETARIE, DESERT, DULCIURI"
1297699,Hamlet I Love You Pr,"COFETARIE, DESERT, DULCIURI"
1038552,Jutrzenka Alune Padure In Ciocolata Lapte 80g,"COFETARIE, DESERT, DULCIURI"
1073258,Jutrzenka Alune Padure In Ciocolata Neagra 80g,"COFETARIE, DESERT, DULCIURI"
1110265,Jutrzenka Stafide In Ciocolata Neagra 80g,"COFETARIE, DESERT, DULCIURI"
1271937,Kamis Zahat Vanilinat 16g,"COFETARIE, DESERT, DULCIURI"
1082676,Kinder Mini Mix 79g,"COFETARIE, DESERT, DULCIURI"
1050709,Kinder Schoko-Bons Crispy 92g,"COFETARIE, DESERT, DULCIURI"
1253865,Lambertz Petite Soleils Mix Cioco&Turta Dulce 235g,"COFETARIE, DESERT, DULCIURI"
1121521,Laro Alune De Padure In Caramel 90g,"COFETARIE, DESERT, DULCIURI"
1121599,Laro Alune De Padure In Ciocolata Punga 100g,"COFETARIE, DESERT, DULCIURI"
1121590,Laro Capsuini In Ciocolata Cutie 100g,"COFETARIE, DESERT, DULCIURI"
1121597,Laro Capsuini In Ciocolata Punga 100g,"COFETARIE, DESERT, DULCIURI"
1121602,Laro Cirese In Ciocolata Punga 100g,"COFETARIE, DESERT, DULCIURI"
1121596,Laro Coacaze/ Agrise In Ciocolata Punga 100g,"COFETARIE, DESERT, DULCIURI"
1121591,Laro Coaja De Portocala In Ciocolata Cutie 100g,"COFETARIE, DESERT, DULCIURI"
1121601,Laro Coaja De Portocala In Ciocolata Punga 100g,"COFETARIE, DESERT, DULCIURI"
1129355,Laro Merisoare In Ciocolata Punga 100g,"COFETARIE, DESERT, DULCIURI"
1121598,Laro Migdale In Caramel Si Ciocolata Punga 100g,"COFETARIE, DESERT, DULCIURI"
1121600,Laro Stafide Aurii In Ciocolata Punga 100g,"COFETARIE, DESERT, DULCIURI"
1259245,License Mix Baton Ciocolata 30g,"COFETARIE, DESERT, DULCIURI"
1261621,License Mix Jeleuri In Ciocolata 100g +Sticker,"COFETARIE, DESERT, DULCIURI"
1261623,License Mix Napolitana Cacao 30g,"COFETARIE, DESERT, DULCIURI"
1063522,Livity Superfood Coconut & Cacao 30g,"COFETARIE, DESERT, DULCIURI"
1169333,Lolliboni  Acadea Cu Surprize 32g,"COFETARIE, DESERT, DULCIURI"
1169339,Lolliboni Pachet Surprize Paste 32g,"COFETARIE, DESERT, DULCIURI"
1261997,Lolliboni Unicorn Acadea 16g,"COFETARIE, DESERT, DULCIURI"
1402792,"Macarons Asortat 250g ""","COFETARIE, DESERT, DULCIURI"
1375595,Michaszki Easter Eggs Vrac,"COFETARIE, DESERT, DULCIURI"
1082708,Mini Jeleuri Fructe 100g Gelo,"COFETARIE, DESERT, DULCIURI"
1426611,Minifoietaje Cu Visine,"COFETARIE, DESERT, DULCIURI"
1310449,Minis Batoane Mix Vrac,"COFETARIE, DESERT, DULCIURI"
1261920,P Marco Polo Borcan Cu Biscuiti 180 G,"COFETARIE, DESERT, DULCIURI"
1048907,Panettone Bauli 500 G,"COFETARIE, DESERT, DULCIURI"
1315018,Papi Prajiturica Crema Lapte Portoc.35g,"COFETARIE, DESERT, DULCIURI"
1099288,Poof Blat Tort      400g,"COFETARIE, DESERT, DULCIURI"
1402798,"Prajitura Snikers 120g ""","COFETARIE, DESERT, DULCIURI"
1060872,Recipient Cu Decoratiuni Dulci Pt Prajituri 6.5cm,"COFETARIE, DESERT, DULCIURI"
1099275,Recipient Cu Decoratiuni Dulci Pt Prajituri 7.5cm,"COFETARIE, DESERT, DULCIURI"
1129439,Roshen Acadele Duo Cu Aroma De Fructe 800g,"COFETARIE, DESERT, DULCIURI"
1402794,"Salam De Biscuiti 250g ""","COFETARIE, DESERT, DULCIURI"
1159912,Smarties Drajeuri Punga 105 G,"COFETARIE, DESERT, DULCIURI"
1402799,"Tarte Cu Mar 200g ""","COFETARIE, DESERT, DULCIURI"
1009392,Tecsa Caramele Cacao Vrac,"COFETARIE, DESERT, DULCIURI"
1117061,Tic Tac Mix Cherry/Cola 18g,"COFETARIE, DESERT, DULCIURI"
1059106,Tic Tac Simpson Mix 49g,"COFETARIE, DESERT, DULCIURI"
1095235,Tropinat Topping Ciocolata 225g,"COFETARIE, DESERT, DULCIURI"
1310451,Trufle Vrac,"COFETARIE, DESERT, DULCIURI"
1104470,Valizeta Tanti Auguri 2,"COFETARIE, DESERT, DULCIURI"
1093441,Wedel Set Dulciuri 214g,"COFETARIE, DESERT, DULCIURI"
1094302,Wolnosc Baton Martipan  Cu Coaja De Portocala 90g,"COFETARIE, DESERT, DULCIURI"
1375596,Zozole Bilute De Ciocolata  Vrac,"COFETARIE, DESERT, DULCIURI"
1075046,Acd Cake Chec 500 Gr,PANIFICATIE
1117677,Agrosemcu Srl Cozonac Cu Nuca Cacao Stafide Rahat,PANIFICATIE
1068544,Agrosemcu Srl Melc Cu Nuca 80g,PANIFICATIE
1115013,Agrosemcu Srl Pave 500g,PANIFICATIE
1114554,Agrosemcu Srl Prajitura Negresa 80g,PANIFICATIE
1062055,Agrosemcu Srl Strudel Cu Mere 80g,PANIFICATIE
1102632,Alexpan Franz Alba Fl 1kg,PANIFICATIE
1072526,Alexpan Franz Alba Fl 400g,PANIFICATIE
1065783,Alexpan Franz Neagra Fl 800g,PANIFICATIE
1121099,Alexpan Franzela Alba Felii 800g,PANIFICATIE
1021915,Alexpan Paine Haiduceasca Neagra Fel500g,PANIFICATIE
1056411,Alexpan Paine Integr Rot 500g,PANIFICATIE
1053498,Alexpan Paine Rustica Rom Alba 500g,PANIFICATIE
1104398,Alexpan Paine Secara Multicereale 500g,PANIFICATIE
1121429,Alexpan Paine Semialba Rotunda Felii 800g,PANIFICATIE
1072468,Alexpan Paine Tihnita Felii 500g,PANIFICATIE
1270827,Alindor Franzela Batuta Felii 900g,PANIFICATIE
1271983,Alindor Franzela Felii 500 G,PANIFICATIE
1270826,Alindor Franzela Felii 900 G,PANIFICATIE
1271984,Alindor Franzela Neagra Cu Seminte Felii 500 G,PANIFICATIE
1270828,"Alindor Paine Alba Cu Cartofi Felii 1,3 Kg",PANIFICATIE
1270825,Alindor Paine Alba Felii 1 Kg,PANIFICATIE
1114439,Aluta   Paine Alba Felii  500g,PANIFICATIE
1051851,Aluta Paine Alba Amb 500g,PANIFICATIE
1061899,Aluta Paine Neagra Felii 400g,PANIFICATIE
1053562,Aluta Sa Bagheta 300g,PANIFICATIE
1095684,Alx Rom  Bagheta 300g,PANIFICATIE
1059509,Alx Rom Chec Vanilie Si Cacao 350g,PANIFICATIE
1092580,Alx Rom Corn Cu Ciocolata-100g,PANIFICATIE
1121229,Alx Rom Gogosi Cu Ciocolata -75 G,PANIFICATIE
1043482,Alx Rom Lipie 300g,PANIFICATIE
1064627,Alx Rom Paine Secara 300g,PANIFICATIE
1105875,Alx Rom Srl Cozonac Cu Nuca Cacao Rahat 500g,PANIFICATIE
1121237,Alx Rom Strudel Cu Mere-65g,PANIFICATIE
1121236,Alx Rom Strudel Cu Vanilie-65g,PANIFICATIE
1086032,Anairo Chec Cu Visine 300g,PANIFICATIE
1078275,Anairo Chifle Punga 10bucx50g,PANIFICATIE
1075435,Anairo Mucenici Punga 10*50g,PANIFICATIE
1121296,Anairo Paine Alba 300g,PANIFICATIE
1373222,Anairo Paine Alba Ambalata Felii 400g,PANIFICATIE
1212065,Anairo Paine Alba Rot.Neamb 500 Gr,PANIFICATIE
1121408,Anairo Paine Cu Seminte 400g,PANIFICATIE
1212038,Anairo Paine Cu Semintea Rot.Neamb 400 Gr,PANIFICATIE
1152826,Anairo Paine Graham Frz Felii 300gr,PANIFICATIE
1041981,Anairo Paine Neagra 300g,PANIFICATIE
1045533,Anairo Paine Neagra Toast 400g,PANIFICATIE
1212037,Anairo Paine Pe Vatra Neamb.400 Gr,PANIFICATIE
1212036,Anairo Painea Rustica Rot.Neamb .400 Gr,PANIFICATIE
1063654,Anairo Pateu Cu Branza 90g,PANIFICATIE
1084273,Anamaria Pan Franzela Alba 900gr,PANIFICATIE
1121972,Anamaria Pan Paine Casa Alba 800gr,PANIFICATIE
1080240,Anepan Paine Alba 300g,PANIFICATIE
1099744,Anepan Paine Graham 400g,PANIFICATIE
1065133,Antur Cozonac Nuca 800gr,PANIFICATIE
1401724,Antur Cozonac Rahat 800gr,PANIFICATIE
1121747,Antur Franzela Alba 1200 Gr,PANIFICATIE
1121962,Antur Franzela Alba 700 Gr,PANIFICATIE
1121748,Antur Paine Alba De Casa 900gr,PANIFICATIE
1064148,Antur Paine Cu Cartofi 800gr,PANIFICATIE
1075117,Apuseana Paine Alba Felii 1kg,PANIFICATIE
1091642,"Apuseana Paine Alba Fl 1,2kg",PANIFICATIE
1042128,"Apuseana Paine Alba Fl 1,5kg",PANIFICATIE
1183875,Arca Biscuiti Urechiuse 200g,PANIFICATIE
1121502,Arcopan Paine Alba Feliata 0.400 Kg,PANIFICATIE
1121819,Arcopan Paine Alba Feliata 0.900 Kg,PANIFICATIE
1121503,Arcopan Paine Alba Feliata 1.4 Kg,PANIFICATIE
1047450,Ardelean Adrian Paine Alba Amb 300g,PANIFICATIE
1078309,Ardelean Company  Paine Alba Infoliata 400 G,PANIFICATIE
1114369,Ardelean Company  Paine Secara  300g,PANIFICATIE
1077982,Ardelean Company  Paine Toast 500g,PANIFICATIE
1304809,Ardelean Company Mucenici 100g,PANIFICATIE
1066046,Ardelean Cozonac Cu Mac 500 G,PANIFICATIE
1041516,Ardelean Pan Gusto Paine Cu Secara 400g,PANIFICATIE
1084893,Ardelean Pan Gusto Paine Cu Seminte 400g,PANIFICATIE
1121654,Atelierul Mic Chifla Integrala Cu Fulgi De Ovaz70g,PANIFICATIE
1121354,Atlantis Chifle 4x70g,PANIFICATIE
1121458,Atlantis Cozonac Nuca 700g,PANIFICATIE
1129521,Atlantis Franzela Alba 500g,PANIFICATIE
1045004,Atlantis Franzela Alba 900g,PANIFICATIE
1121355,Atlantis Paine Integrala 500g,PANIFICATIE
1036034,Atlantis Paine Kukuruz 300g,PANIFICATIE
1117516,Atlantis Paine Rotunda 900g,PANIFICATIE
1121805,Atlantis Paine Seminte 500g,PANIFICATIE
1042454,B Velp Paine Neagra 900g,PANIFICATIE
1273133,Babi Cornulete Cas 500 Gr,PANIFICATIE
1269616,Babi Franzela Alba Fel 500 Gr,PANIFICATIE
1269617,Babi Franzela Neagra Fel 500 Gr,PANIFICATIE
1273135,Babi Fursecuri Asortate Cas 500 Gr,PANIFICATIE
1269615,Babi Paine Alba Fel 800 Gr,PANIFICATIE
1269613,Babi Paine Cu Cartofi Fel 1 Kg,PANIFICATIE
1269614,Babi Paine Cu Cartofi Fel 500 Gr,PANIFICATIE
1273134,Babi Saratele Cas 500 Gr,PANIFICATIE
1391743,Bachis Franzela Alba Fel 600 Gr,PANIFICATIE
1391748,Bachis Franzela Semialba Fel 300 Gr,PANIFICATIE
1391749,Bachis Paine Batuta  Fel 600 Gr,PANIFICATIE
1391746,Bachis Paine Cu Maia  Fel 1 Kg,PANIFICATIE
1391744,Bachis Paine La Tava Fel 600 Gr,PANIFICATIE
1304875,Bachus Beigli Cu Mac 350gr,PANIFICATIE
1304888,Bachus Corn Cu Cascaval 80 Gr,PANIFICATIE
1304890,Bachus Paine De Casa Cu Cartofi Neamb 600 Gr,PANIFICATIE
1304891,Bachus Paine Integrala Neamb Rot 500 Gr,PANIFICATIE
1304889,Bachus Pogacele Cu Cascaval 250 Gr,PANIFICATIE
1011734,Bagheta 300g Farisan,PANIFICATIE
1083148,Bagheta Feliata 600g Valyb,PANIFICATIE
1048299,Balcom  Franzela Alba Feliata 600 Gr,PANIFICATIE
1121939,Balcom Paine Alba Feliata 500 Gr,PANIFICATIE
1051412,Bezele 100gr,PANIFICATIE
1150189,Big Chef Mucenici Cu Nuca 120g,PANIFICATIE
1173068,Bingo Chifle Mixte Albe Amb 150 Gr,PANIFICATIE
1183840,Bingo Cozonac  Mac Amb 500 Gr,PANIFICATIE
1172833,Bingo Franzela Alba Feliata Amb 500 Gr,PANIFICATIE
1094618,Bingo Paine Cartofi Feliata 600g,PANIFICATIE
1173067,Bingo Paine Cu Cartofi Alba Fel Rot 1000 Gr,PANIFICATIE
1172834,Bingo Paine Graham Semi Tava Fel 500 Gr,PANIFICATIE
1285088,Biscuiti Festivi 200g,PANIFICATIE
1124739,Bobilor Comex Srl Paine Alba 1 Kg,PANIFICATIE
1121912,Bobilor Comex Srl Paine Alba 1.5 Kg,PANIFICATIE
1129246,Bobilor Comex Srl Paine Alba 800g,PANIFICATIE
1117275,"Bologa Cozonac Nuca  Fel0,6 G",PANIFICATIE
1121524,"Bologa Delicios 0,09 G",PANIFICATIE
1124205,"Bologa Foietaj Cu Mere 0,09 G",PANIFICATIE
1121525,"Bologa Foietaj Cu Visine 0,09 G",PANIFICATIE
1211998,Bologa Paine Alba Fel  800 G,PANIFICATIE
1121789,Bologa Paine Alba Fel 1 Kg,PANIFICATIE
1121963,Bologa Paine Alba Fel 500 G,PANIFICATIE
1166855,Bologa Paine Alba Fel 600 G,PANIFICATIE
1127076,Bologa Paine Batuta Fel 800 G,PANIFICATIE
1121824,Bologa Paine Cu Cartofi Fel 900 G,PANIFICATIE
1121823,Bologa Paine Graham Fel 500 G,PANIFICATIE
1047370,Boromir Franzela Alba Cu Maia 400g,PANIFICATIE
1152486,Boromir Mucenic Cu Nuca 100g,PANIFICATIE
1082164,Boromir Paine Rustica  Cu Cereale Si Seminte Felia,PANIFICATIE
1088056,Botezan Baton Cu Mac 100 Gr,PANIFICATIE
1106501,Botezan Paine De Casa Vrac 1100 Gr,PANIFICATIE
1079446,Botezan Paine Neagra Cu Tarate  Si Seminte 600 Gr,PANIFICATIE
1127039,Bozon Com Srl Paine Alba Felii 900g,PANIFICATIE
1121267,Bozon Com Srl Paine Pe Vatra Batuta De Coaja 1.2kg,PANIFICATIE
1022559,Bozon Com Srl Paine Pe Vatra Batuta De Coaja 500g,PANIFICATIE
1102699,Bread Expert Paine Alba Toast 550g,PANIFICATIE
1121872,Brezipan  Paine  Alba  Felii 600 Gr,PANIFICATIE
1129451,Brezipan Paine Alba Felii 300g,PANIFICATIE
1294570,"Brutaria Babi Paine Cu Cartofi Fel 1,5 Kg",PANIFICATIE
1294571,Brutaria Babi Paine Cu Cartofi Fel 2 Kg,PANIFICATIE
1307761,Brutaria Bachus Covrigei 300g,PANIFICATIE
1043551,Brutaria Sabau Paine Alba 1kg,PANIFICATIE
1100468,Brutaria Sabau Paine Alba 500g,PANIFICATIE
1080701,Brutaria Sabau Paine Ceapa 500g,PANIFICATIE
1044418,Brutaria Sabau Paine Graham 400g,PANIFICATIE
1057341,Brutaria Sabau Paine Neagra 800g,PANIFICATIE
1046177,Brutarie Paine Alba Fl 500g,PANIFICATIE
1089622,Brutarie Paine Neagra Fl 500g,PANIFICATIE
1111471,Brutarie Srl Paine Neagra Cu Seminte 400g,PANIFICATIE
1065310,Bujoreni Rumenita Cu Seminte Si Cereale 500 Gr,PANIFICATIE
1042170,Bujoreni Rumenita Graham 500 Gr,PANIFICATIE
1077854,Bujoreni Rumienita  Cu Secara  500 Gr,PANIFICATIE
1106986,Bunexim Paine Cu Faine Neagra Felii 800g,PANIFICATIE
1121545,C & I Paine Rotunda Cu Secara 500 Gr,PANIFICATIE
1127052,C &I Paine Alba Ambalata 300 Gr,PANIFICATIE
1121306,C& I Paine Alba Feliata 300 Gr,PANIFICATIE
1121539,C& I Paine Alba Neambalata 300 Gr,PANIFICATIE
1121818,C& I Paine Rotunda Multicereala 500 Gr,PANIFICATIE
1121164,C&I Lipie 300 Gr,PANIFICATIE
1121166,C&I Paine Alba Feliata 500 Gr,PANIFICATIE
1121501,C&I Paine Integrala 300 Gr,PANIFICATIE
1302393,Caribic Paine Alba Felii 1000 G,PANIFICATIE
1302392,Caribic Paine Alba Felii 700 G,PANIFICATIE
1302395,Caribic Paine Graham Felii 600 G,PANIFICATIE
1302394,Caribic Paine Neagra Felii 700 G,PANIFICATIE
1040886,Casa Painii  Paine Cu Cartofi 500 G,PANIFICATIE
1078183,Casa Painii  Paine Impletita 500 G,PANIFICATIE
1331013,Casa Tudora Branzoaica Amb 100 Gr,PANIFICATIE
1313972,Casa Tudora Colac Impletit 300 Gr,PANIFICATIE
1313973,Casa Tudora Colacei Cununa 5x80 Gr,PANIFICATIE
1331018,"Casa Tudora Corn Cu Fructe De Padure Amb, 60 Gr",PANIFICATIE
1331014,Casa Tudora Covrig Polonez Crem? Amb 100 Gr,PANIFICATIE
1331021,"Casa Tudora Croissant Ciocolata, 100 Gr",PANIFICATIE
1331015,"Casa Tudora Croissant Cu  Fructe Amb, 100 Gr",PANIFICATIE
1331012,Casa Tudora Paine La Tava Fel 400 Gr,PANIFICATIE
1313969,Casa Tudora Paine Romaneasca Rot Fel 500 Gr,PANIFICATIE
1313965,Casa Tudora Paine Smarandei Cartofi Rot Fel 500 Gr,PANIFICATIE
1313964,Casa Tudora Paine Smarandei Secara Rot Fel 500 Gr,PANIFICATIE
1313966,Casa Tudora Paine Smarandei Seminte Rot Fel 500 Gr,PANIFICATIE
1313971,Casa Tudora Paine Tihnita Fel 500 Gr,PANIFICATIE
1331016,"Casa Tudora Rulouri Amb, 100 Gr",PANIFICATIE
1331017,Casa Tudora Spirale Amb 100  Gr,PANIFICATIE
1314404,Casa Tudora Suprapusi Impletiti 300 Gr,PANIFICATIE
1371278,Cen Pac Cozonac Cu Nuca Fel 1 Kg,PANIFICATIE
1371272,"Cen Pac Paine Alba ""Tanti Rodi"" Fel 1.4 Kg",PANIFICATIE
1121165,Chec 390g,PANIFICATIE
1043886,Chec Cacao 300g Lidas,PANIFICATIE
1121977,Chifle 80 G,PANIFICATIE
1121531,Chifle Albe Ambalate 3*155 Gr,PANIFICATIE
1058961,Chifle Albe X4 320g Valybia,PANIFICATIE
1014177,Ciocolateria Ardeleanu Cornulete Cu Nuca Cas 250 G,PANIFICATIE
1018714,Ciocolateria Ardeleanu Fursecuri Cu Stafide 250g,PANIFICATIE
1311076,Ciprialex Chifle Amb 3x80 Gr,PANIFICATIE
1039175,Ciprialex Franzela Neambalata 300g,PANIFICATIE
1037738,Cistan Comimpex  Franzela Alba  Felii 400g,PANIFICATIE
1052528,Cistan Comimpex  Paine Alba Felii  1kg,PANIFICATIE
1033201,Cistan Comimpex  Paine Neagra Felii 800g,PANIFICATIE
1010583,Cistan Comimpex Paine Indesata Cu Seminte 500g,PANIFICATIE
1276671,Ciupe Paine Alba Felii 900 G,PANIFICATIE
1082327,Clasic Mode Srl  Colac  Impletit In 4 (Rares) 300,PANIFICATIE
1077385,Clasic Mode Srl  Colac Dulce Cu Susan 80 G,PANIFICATIE
1056861,"Clasic Mode Srl  Cozonac Cu Stafide, Nuca , Cacao",PANIFICATIE
1083229,Clasic Mode Srl  Japoneza Cu Susan 250 G,PANIFICATIE
1115280,Clasic Mode Srl  Paine Rotunda Graham 400 G,PANIFICATIE
1061747,Clasic Mode Srl Colac Cu Coronita 100 G,PANIFICATIE
1095761,Clasic Mode Srl Corn Cu Ciocolata  100 G,PANIFICATIE
1081436,Clasic Mode Srl Paine Alba Feliata  500 G,PANIFICATIE
1075927,Clasic Mode Srl Paine Alba Feliata 700 G,PANIFICATIE
1087708,Clasic Mode Srl Paine Alba Tip Franzela 300 G,PANIFICATIE
1064848,Cococi Bunica 500g,PANIFICATIE
1430609,"Comcereal Lipie Cu 25% Maia, Amb 300 Gr",PANIFICATIE
1038709,Comcereal Paine Cu Cartofi Feliata 500g,PANIFICATIE
1430607,"Comcereal Paine Cu Seminte ,Cereale Si 25% Maia, F",PANIFICATIE
1430603,"Comcereal Paine Graham Cu 25% Maia, Fel 500 Gr",PANIFICATIE
1430605,"Comcereal Paine Impletita Cu 25% Maia, Fel 400 Gr",PANIFICATIE
1430606,"Comcereal Paine Integrala Si 25% Maia, Fel 500 Gr",PANIFICATIE
1430604,"Comcereal Paine Intermediara Cu 25% Maia, Fel 500",PANIFICATIE
1430602,"Comcereal Paine Neagra Cu 25% Maia, Fel 500 Gr",PANIFICATIE
1430608,"Comcereal Paine Secara Si 25% Maia, Fel 500 Gr",PANIFICATIE
1039138,Comind Franz Alba Fl 700g,PANIFICATIE
1051316,Comind Paine Alba Batuta 700g,PANIFICATIE
1292430,Coop Consum Calatele Paine Alba 1 Kg,PANIFICATIE
1286194,Coop Consum Calatele Paine Alba 1.5 Kg,PANIFICATIE
1286378,Coop Consum Calatele Paine Alba 2 Kg,PANIFICATIE
1286195,Coop Consum Calatele Paine Alba 3 Kg,PANIFICATIE
1032800,Cooperativa De Consum Aiud Paine Alba Neamb 1 Kg,PANIFICATIE
1049320,Cornulete Caise 250g Numero Un,PANIFICATIE
1360118,Cosulete Cu Nuca 250gr,PANIFICATIE
1036392,Covrigei 500g Nr Uno,PANIFICATIE
1081265,Covrigei Casc.Chim 300g Simpan,PANIFICATIE
1030987,Covrigei Cu Cascav/Susan 200g,PANIFICATIE
1360119,Covrigei Cu Cascaval 250gr,PANIFICATIE
1038711,Cozonac Cu Mac 700 Gr,PANIFICATIE
1081805,Cozonac Cu Nuca 700g Pansab,PANIFICATIE
1057806,Cozonac Cu Nuca Si Rahat 700 G,PANIFICATIE
1121167,"Cozonac Cu Nuca, Stafide Si Rahat 700 G",PANIFICATIE
1043448,Cozonac De Casa Felii 600g,PANIFICATIE
1093670,Cozonac Marmorat 600g Serban,PANIFICATIE
1053738,Cozonac Nuca 800g Simpan,PANIFICATIE
1181748,Cozonac40% Umplutura Cu Nuca Cacao Si Stafide 600g,PANIFICATIE
1121218,Cristian Florian Paine De Casa Pe Vatra Fel 1.5 Kg,PANIFICATIE
1124216,Cristian Florian Paine De Casa Pe Vatra Fel 900 G,PANIFICATIE
1357749,Cristipan Cornulete Cu Umplutura De Nuca 1kg,PANIFICATIE
1357751,Cristipan Cornulete Fragede Cu Gem De Caise 1kg,PANIFICATIE
1358540,Cristipan Covrigei / Bete Casacaval 500 G,PANIFICATIE
1308803,Cristipan Cuib Vanilat 100g,PANIFICATIE
1097119,Cristipan Franzela Alba Felii 500 G,PANIFICATIE
1432537,Cristipan Paine Alba Coapta Pe Vatra 900 Gr,PANIFICATIE
1432538,Cristipan Paine Alba Coapta Pe Vatra 900 Gr,PANIFICATIE
1045619,Cristipan Paine Alba La Tava 1kg,PANIFICATIE
1235108,Cristipan Paine Neagra Felii 400g,PANIFICATIE
1121945,Daghemana Baton Mac 100g,PANIFICATIE
1120884,Daghemana Com  Franzela Alba Fel 600g,PANIFICATIE
1181725,Daghemana Cozonac Cu Mac 400gr,PANIFICATIE
1055995,Daghemana Cozonac Cu Nuca 400gr,PANIFICATIE
1040316,Daghemana Cozonac Cu Rahat 400gr,PANIFICATIE
1121281,Daghemana Franzela Felii  900g,PANIFICATIE
1114211,Daia Baigli Cu Nuca 250gr,PANIFICATIE
1072345,Daia Cornulete De Casa 300gr,PANIFICATIE
1080917,Daia Cozonac Cu Mac 600gr,PANIFICATIE
1093324,Daia Cozonac Cu Nuca 600gr,PANIFICATIE
1067378,Daia Croissant  Cu Vanilie 120gr,PANIFICATIE
1057455,Daia Croissant Cu Ciocolata 120gr,PANIFICATIE
1040451,Daia Croissant Cu Telemea 120gr,PANIFICATIE
1081966,Daia Franzela Alba Feliata 500 G,PANIFICATIE
1066052,Daia Paine Cu Secara 500gr,PANIFICATIE
1083330,Daia Paine Graham 300 G,PANIFICATIE
1084534,Daia Salam De Biscuiti 400gr,PANIFICATIE
1075853,Daia Saleuri 200gr,PANIFICATIE
1072979,Dan Cake Dahli Painici Cu Lapte 400g,PANIFICATIE
1269541,Danges Paine Alba Felii 1000 G,PANIFICATIE
1121720,Danis Com Ex Prod Srl Paine Pe Vatra Amb 700g,PANIFICATIE
1105131,Danis Com Exprod Srl Chifle 100 G,PANIFICATIE
1084656,Danis Com Exprod Srl Croissant Ciocolata 100 G,PANIFICATIE
1121930,Danis Com Exprod Srl Paine Alba Felii 700g,PANIFICATIE
1121758,Danis Com Exprod Srl Paine Alba Felii 900g,PANIFICATIE
1060234,Danis Com Exprod Srl Placinta Cu Mar 100 G,PANIFICATIE
1109238,Danis Com Exprod Trigoane Cu Branza Sarata 100g,PANIFICATIE
1344491,Danis Paine Alba Pe Vatra Batuta 1 Kg,PANIFICATIE
1120937,Danser Pan  Paine In Tava Felii 900 G,PANIFICATIE
1124832,Danser Pan Paine Toast Cu Tarate 800 G,PANIFICATIE
1121795,Dascalasu Gabriela Ii Franzela 400 Gr,PANIFICATIE
1121452,Dascalasu Gabriela Ii Franzela Feliata 300gr,PANIFICATIE
1121449,Dascalasu Gabriela Ii Franzela Neagra 1 Kg,PANIFICATIE
1121451,Dascalasu Gabriela Ii Paine La Tava 1 Kg,PANIFICATIE
1121450,Dascalasu Gabriela Ii Paine La Tava 500gr,PANIFICATIE
1124836,Dascalasu Gabriela Ii Paine Neagra 500gr,PANIFICATIE
1063459,Davio Pan Franzela Alba Feliata 300g,PANIFICATIE
1121787,Davio Pan Lipie 300 G,PANIFICATIE
1116005,Davio Pan Paine Alba La Tava Fel. 400g,PANIFICATIE
1057749,Davio Pan Paine Cartof 1000 G Feliata 0,PANIFICATIE
1121329,Davio Pan Paine Cu Seminte Si Cereale Felii500 G,PANIFICATIE
1072877,Davio Pan Paine Graham 500g,PANIFICATIE
1121328,Davio Pan Paine Intermiadiara 600 G Feliata,PANIFICATIE
1278977,Delice Pan Bagheta Alba 300g,PANIFICATIE
1059595,Delice Pan Franzela Alba Feliata 600g,PANIFICATIE
1053461,Delice Pan Paine Cu Seminte Chia Feliata 500g,PANIFICATIE
1060529,Delice Pan Placinta Cu Branza Dulce 600g,PANIFICATIE
1086533,Delice Pan Placinta Cu Mar 600g,PANIFICATIE
1121422,Deutschland Brot S.R.L Paine Agapia Felii 500g,PANIFICATIE
1121421,Deutschland Brot S.R.L Paine Alba Felii 300g,PANIFICATIE
1121944,Deutschland Brot S.R.L Paine Haiduceasca Felii 500,PANIFICATIE
1121504,Deutschland Brot S.R.L Paine Secara Felii 500g,PANIFICATIE
1121761,Deutschland Brot S.R.L Pateu Cu Branza  100 G,PANIFICATIE
1124201,Deutschland Brot S.R.L Rulou Cu Mere 100g,PANIFICATIE
1121347,Deutschland Brot S.R.L. Paine Alba 300 G,PANIFICATIE
1304878,Ditroi Beigli Magdus Nuca Si Prune 300 Gr,PANIFICATIE
1304881,Ditroi Buseuri Cu Branza Sarata 250 Gr,PANIFICATIE
1309539,Ditroi Colac Impletit 500 Gr,PANIFICATIE
1064583,Ditroi Cozonac Cu Mac Umplut Traditional  600 Gr,PANIFICATIE
1309540,Ditroi Japoneza 200 Gr,PANIFICATIE
1074150,"Ditroi Paine Alba Cu Seminte  0,500 Kg",PANIFICATIE
1049832,Ditroi Paine Carpatica 0.75kg,PANIFICATIE
1082961,"Ditroi Paine De Casa Cu Faina De Secara 0,500 Kg",PANIFICATIE
1397888,Ditroi Paine Rasucita Cu Ceapa Nef 330 Gr,PANIFICATIE
1397889,Ditroi Paine Rasucita Cu Ceapa Nef 330 Gr,PANIFICATIE
1311612,Ditroi Pasca 650 Gr,PANIFICATIE
1067483,Diva Painea Integrala 500g,PANIFICATIE
1036363,Divanasy Cozonac Cu Nuca 550g,PANIFICATIE
1078979,Divanasy Cozonac Cu Rahat Si Stafide 500g,PANIFICATIE
1124433,Divanasy Croissant Ciocolata 70g,PANIFICATIE
1121420,Divanasy Placinta Cu Branza 100g,PANIFICATIE
1148032,Dobrogea Mucenici 80g,PANIFICATIE
1121935,Dobrogea Paine Rustica 300g,PANIFICATIE
1338353,Dobrogea Panificatie Toast Alb 600g,PANIFICATIE
1108925,Dolce Lider Ineluse 350g,PANIFICATIE
1311800,Dolce Lider Pasca Cu Branza Dulce Si Stafide 700g,PANIFICATIE
1084706,Dolce Lider Saleuri 250g,PANIFICATIE
1078314,Dospita Bavareza 400g Pau Pan,PANIFICATIE
1089646,Dumigher Coz Cu Rahat Cacao Si Stafide Felii 800g,PANIFICATIE
1015127,Dumigher Paine Rotunda 500g,PANIFICATIE
1055850,Dunapan Franzela Alba Extra Fel300g,PANIFICATIE
1121326,Dunapan Paine Alba 300g,PANIFICATIE
1121056,Dunapan Paine Alba Impletita 400 Gr,PANIFICATIE
1096452,Dunapan Paine Feliata Fara Sare300g,PANIFICATIE
1124229,Dunapan Sa Pave Felii 500g,PANIFICATIE
1121194,Duo  T-H Paine Cu Secara 300 Gr,PANIFICATIE
1349533,Efigia Chifle 10 Buc*50 G,PANIFICATIE
1349532,Efigia Cozonac 700 G,PANIFICATIE
1349531,Efigia Franzela Alba Feliata 300 G,PANIFICATIE
1349534,Efigia Franzela Alba Feliata 400 G,PANIFICATIE
1349945,Efigia Franzela Alba Feliata 600 G,PANIFICATIE
1349527,Efigia Franzela Alba Feliata 800 G,PANIFICATIE
1349528,Efigia Franzela De Casa Alba Feliata 800 G,PANIFICATIE
1349530,Efigia Franzela Neagra Feliata 400 G,PANIFICATIE
1375628,Efigia Paine De Casa Felii 500g,PANIFICATIE
1349529,Efigia Paine Neagra Cu Tarate Feliata 500 G,PANIFICATIE
1379369,Efigia Pasca 300 G,PANIFICATIE
1375627,Efigia Pasca 600 G,PANIFICATIE
1375626,Efigia Rotunda Romaneasca Cu Maia Felii 500 G,PANIFICATIE
1371246,Eldi Baton Crema Vanilie Ambalat 80g Eldi,PANIFICATIE
1106324,Eldi Brutarie Prajitura Cu Cocos 100g,PANIFICATIE
1100814,Eldi Paine Fara Sare Felii 400g,PANIFICATIE
1099110,Eldi Pateu Branza Ambalat 90g Eldi,PANIFICATIE
1114574,Enescu Bagheta 200g,PANIFICATIE
1072169,Enescu Paine Cu Seminte 400g,PANIFICATIE
1035963,Enescu Paine Graham 300g,PANIFICATIE
1069746,Erix Paine Alba Impletita Neamb 300g,PANIFICATIE
1057078,Erpek Paine Alba Baraolt Neamb 1.1 Kg,PANIFICATIE
1057624,Erpek Paine Alba Baraolt Neamb 800g,PANIFICATIE
1055366,Euro Mopan  Paine Alba  Felii  500 Gr,PANIFICATIE
1124211,Europan Cornulete Cu Gem 300g,PANIFICATIE
1124210,Europan Covrigei Cu Cascaval 250g,PANIFICATIE
1124432,Europan Cozonac Cu Mac 400g,PANIFICATIE
1121959,Europan Franzela Alba 800g,PANIFICATIE
1127110,Europan Islere Cu Gem 250g,PANIFICATIE
1064789,Europan Paine Alba De Casa Cu Cartofi 500g,PANIFICATIE
1046704,Europan Paine Multicereale Cu Seminte 300g,PANIFICATIE
1121511,Europan Painea Bunicii 700g,PANIFICATIE
1121468,Europan Pogacele Cu Cascaval 250g,PANIFICATIE
1331465,Every Day Colac Tava Felii 700g,PANIFICATIE
1117327,Every Day Franzela Alba Feliata 400g,PANIFICATIE
1067562,Every Day Franzela Neagra 400g,PANIFICATIE
1331461,Every Day Paine Cu Cartofi 500g,PANIFICATIE
1017892,Every Day Paine Secara Romaneasca 500g,PANIFICATIE
1103696,Exp Bak Chifle 5x50g,PANIFICATIE
1057823,Exp Bak Corn Multicer 3x50g,PANIFICATIE
1036057,Exp Bak Paine Alba Amb 300 G,PANIFICATIE
1050412,Exp Bak Paine Alba Felii 300 G,PANIFICATIE
1064074,Exp Bak Paine Alba Neamb  300 G,PANIFICATIE
1055461,Exp Bak Paine Fibre Grau Felii 300 G,PANIFICATIE
1106443,Exp Bak Paine Neagra Amb 300 G,PANIFICATIE
1071496,Exp Bak Paine Neagra Neamb  300 G,PANIFICATIE
1036354,Exp Bak Paine Secara  Felii  300 G,PANIFICATIE
1075385,Expert Bakery Pan Gusto Cu Fibre 400g,PANIFICATIE
1046341,Expert Bakery Pan Gusto Cu Secara 400g,PANIFICATIE
1099781,Expert Bakery Pan Gusto Cu Seminte 400g,PANIFICATIE
1072492,Fabrica De Paine Serban Paine Fara Sare 600g,PANIFICATIE
1036447,Fabrica Paine Serban Cozonac Cu Rahat 500g,PANIFICATIE
1049069,Fapicom Pagacel Cu Jumari Cascaval 200 Gr,PANIFICATIE
1031824,Fapicom Paine Alba De Casa Feliata 2000 Gr,PANIFICATIE
1121886,Fapicom Paine Integrala Feliata 900 Gr,PANIFICATIE
1121677,Fapicom Paine Semi Cu Cartofi Feliata 600 Gr,PANIFICATIE
1121277,Fapicom Paine Taraneasca 500 Gr,PANIFICATIE
1097499,France Nordic Paine De Casa La Tava 700 Gr,PANIFICATIE
1058989,Franzela 700g Pau Pan,PANIFICATIE
1121671,Franzela Alba  Feliata 900gr,PANIFICATIE
1116119,Franzela Alba 300g * Voipan,PANIFICATIE
1099238,Franzela Alba 300g Ioanei,PANIFICATIE
1065825,Franzela Alba Fel 500g Marifel,PANIFICATIE
1121806,Franzela Alba Felii 300g,PANIFICATIE
1121304,Franzela Integrala Felii 400g,PANIFICATIE
1049245,Franzela Neamb 300g Simpan,PANIFICATIE
1271990,Fregata Franzela Alba Fel 300 Gr,PANIFICATIE
1271991,Fregata Franzela Alba Fel 500 Gr,PANIFICATIE
1271989,Fregata Franzela Neambalata  300 Gr,PANIFICATIE
1271996,Fregata Paine Alba Tava Fel 400 Gr,PANIFICATIE
1271992,Fregata Paine Cu Cartofi Fel 600 Gr,PANIFICATIE
1271993,Fregata Paine Cu Cartofi Fel 900 Gr,PANIFICATIE
1271994,Fregata Paine Graham Fel 300 Gr,PANIFICATIE
1271995,Fregata Paine Neagra Fel 300 Gr,PANIFICATIE
1069004,Frontera Paine Secara&Sem Fl 400g,PANIFICATIE
1121191,Fropin Placinta Cu Mac 110 Gr,PANIFICATIE
1096138,Fundite 200 Gr,PANIFICATIE
1101163,Fursecuri 400 Gr,PANIFICATIE
1053283,Fursecuri Asortate 300g,PANIFICATIE
1051508,Fursecuri Cu Seminte 350g,PANIFICATIE
1274367,Ge Mon Chifle Punga 200 Gr,PANIFICATIE
1274363,Ge Mon Paine Alba  Feliata Ambalata 300 Gr,PANIFICATIE
1274364,Ge Mon Paine Alba Feliata Ambalata 400 Gr,PANIFICATIE
1121043,General Minijaponeze500g,PANIFICATIE
1109978,General Paine Domneasca700g,PANIFICATIE
1121045,General Paine Vatra Rotunda Feliata 500g,PANIFICATIE
1121053,General Paine Vatra Rotunda Feliata1000g,PANIFICATIE
1121322,Geoil Exim Paine Alba Impletita 400g,PANIFICATIE
1121321,Geoil Exim Paine Floare 400g,PANIFICATIE
1041921,Geoil Paine Cu Malai (Painea Sarbului) 400 Gr,PANIFICATIE
1121943,Geoil Paine Cu Secara Feliata 500 Gr,PANIFICATIE
1121414,Geoil Paine Cu Seminte Felita 500 Gr,PANIFICATIE
1041283,Geoil Paine Graham 300 Gr,PANIFICATIE
1371264,Gerpen  Paine Graham  Neambalata 300 Gr,PANIFICATIE
1387674,Gerpen Bagheta Alba  Cu Susan Ambalata 300 Gr,PANIFICATIE
1401394,Gerpen Chec Minune Cu Cacao Si Stafide 300 Gr,PANIFICATIE
1371263,Gerpen Paine  Alba Feliata Ambalata 300gr,PANIFICATIE
1371262,Gerpen Paine Alba Neamblata 300g,PANIFICATIE
1371265,Gerpen Paine Graham Feliata Amblata 300 Gr,PANIFICATIE
1401398,Gerpen Paine Traditionala Neamb.400 Gr,PANIFICATIE
1401395,Gerpen Painea Soarelui Amb.400 Gr,PANIFICATIE
1069034,Gnf Baton Cu Mac 180g,PANIFICATIE
1036156,Gnf Cozonac 500 G,PANIFICATIE
1101010,Gnf Paine Alba  Felii 300 G,PANIFICATIE
1077144,Goran Corn 70g,PANIFICATIE
1121345,Goran Paine Alba Felii 700g,PANIFICATIE
1093193,Grande Dolceria Cozonac Cu Nuca Si Cacao 400g,PANIFICATIE
1035986,Granero Serban Paine Sem.Chia 600g,PANIFICATIE
1109464,Grigotec Srl Franzela Alba Neamb 300g,PANIFICATIE
1052467,Grigotec Srl Mucenici 8*70g,PANIFICATIE
1049091,Grigotec Srl Rotunda Neagra Felii  400g,PANIFICATIE
1183869,Grup Cernestean Pasca Branza Dulce Si Stafide 550g,PANIFICATIE
1098038,Grup Mapan Branzoici 0.1kg,PANIFICATIE
1040411,Grup Mapan Melc Cu Nuca 0.1kg,PANIFICATIE
1351679,Grup Mapan Paine Ardeleneasca 400 G,PANIFICATIE
1351678,Grup Mapan Paine Ardeleneasca 800 G,PANIFICATIE
1351680,Grup Mapan Paine Cu Malai Si Turmeric 800 G,PANIFICATIE
1351682,Grup Mapan Paine Cu Seminte 400 G,PANIFICATIE
1351683,Grup Mapan Paine Cu Seminte 800 G,PANIFICATIE
1106880,Grup Mapan Pan Gusto Paine Cu Fibre 400g,PANIFICATIE
1074270,Grup Mapan Placinta Cu Branza Sarata 0.1kg,PANIFICATIE
1103246,Grup Mapan Srl Covrigi Cu Cascaval 150g,PANIFICATIE
1077214,Grup Mapan Srl Paine Alba Felii 800g,PANIFICATIE
1074213,Grup Mapan Srl Paine Neagra Felii 500g,PANIFICATIE
1058956,Harmopan Baton Cu Sare 100g,PANIFICATIE
1120767,Harmopan Chifle 4 X 50gr,PANIFICATIE
1070268,Harmopan Corn 120g,PANIFICATIE
1066111,Harmopan Cozonac Brutar Feliat 500g,PANIFICATIE
1310339,Harmopan Franzela Alba Neambalata  500 Gr,PANIFICATIE
1121481,Harmopan Melc Cu Dioka 90g,PANIFICATIE
1038101,Harmopan Paine Neagra Cu Faina De Malt Felii 500g,PANIFICATIE
1026835,Harmopan Paine Neagra Feliata 1kg,PANIFICATIE
1310338,Harmopan Paine Neagra Rot Neambalata 1000 Gr,PANIFICATIE
1116933,Horobeta Impex  Corn Sare 80g,PANIFICATIE
1084461,Horobeta Impex Paine Rotunda Rustica 500g,PANIFICATIE
1042330,Horobeta Impex Pave Rustic 500g,PANIFICATIE
1069452,Horobeta Paine Rotunda Romaneasca  Multicer 500g,PANIFICATIE
1084043,Horobeta Paine Rotunda Romaneasca Integrala 500g,PANIFICATIE
1068984,Horten Pan   Gogosi 80 G,PANIFICATIE
1097360,Horten Pan  Covrigi Cu Mac 80 G,PANIFICATIE
1121349,Hortenpan Franzela Alba Felii 400g,PANIFICATIE
1121335,Hortenpan Franzela Alba Felii 600g,PANIFICATIE
1069770,Hortenpan Franzela Alba Neamb 300g,PANIFICATIE
1121337,Hortenpan Paine De Casa Tip Colac Felii 400g,PANIFICATIE
1121336,Hortenpan Paine Rotunda Alba Taraneasca Felii 700g,PANIFICATIE
1121356,Hortenpan Paine Rotunda Integrala Felii 500g,PANIFICATIE
1121859,Ile A&O  Franzela Alba Feliata 500g,PANIFICATIE
1427496,Ile A&O Franzela Integrala 500 Gr,PANIFICATIE
1121974,Ile A&O Paine Alba Felii 900g,PANIFICATIE
1256379,Ili Bakery Chifle Simple Amb 500 Gr,PANIFICATIE
1257479,Ili Bakery Franzela Feliata 300 Gr,PANIFICATIE
1257478,Ili Bakery Paine Pe Vatra Cu Maia Si Cartofi 500g,PANIFICATIE
1257477,Ili Bakery Paine Rotunda Pe Vatra Feliata 500 Gr,PANIFICATIE
1094839,In-Com Euro Foietaj Cu Rahat 250 Gr,PANIFICATIE
1269522,Indagra Paine Neagra Felii 900 G,PANIFICATIE
1066928,Jv Comp Pan Gusto Paine Cu Fibre 400g,PANIFICATIE
1102518,Jv Comp Pan Gusto Paine Cu Seminte 400g,PANIFICATIE
1046552,Jv Comp S.R.L. Baigli Mac 400g,PANIFICATIE
1052125,Jv Comp S.R.L. Baigli Nuca 400g,PANIFICATIE
1106715,Jv Comp S.R.L. Coronita Amb 280g,PANIFICATIE
1014748,Jv Comp S.R.L. Covrigei 200g,PANIFICATIE
1103275,Jv Comp S.R.L. Cozonac Mac 500g,PANIFICATIE
1077918,Jv Comp S.R.L. Cozonac Nuca 500g,PANIFICATIE
1028163,Jv Comp S.R.L. Cozonac Rahat 500g,PANIFICATIE
1065788,Jv Comp S.R.L. Franzela Alba Felii 1kg,PANIFICATIE
1045610,Jv Comp S.R.L. Franzela Semialba Felii 500g,PANIFICATIE
1078420,Jv Comp S.R.L. Impletituri Cu Susan Amb 500g,PANIFICATIE
1073507,Jv Comp S.R.L. Paine Impaturita Felii 1kg,PANIFICATIE
1030163,Jv Comp S.R.L. Paine Tava Cu Susan Felii 400g,PANIFICATIE
1109912,Jv Comp S.R.L. Paine Tava Semi Seminte Feli 400g,PANIFICATIE
1057052,Jv Comp S.R.L. Paine Vatra Felii 700g,PANIFICATIE
1012645,Jv Comp S.R.L. Saratele  Cu Susan 200g,PANIFICATIE
1022734,Karamolegos Paine Integrala (Franzela) 500g,PANIFICATIE
1239146,Kb Toast Cu Seminte 300g,PANIFICATIE
1121916,Koroli Covrig 70g,PANIFICATIE
1124192,Koroli Franzela Alba Feliata 400g,PANIFICATIE
1121917,Koroli Franzela Alba Feliata 600g,PANIFICATIE
1121342,Koroli Franzela Cartofi Feliata 600g,PANIFICATIE
1121239,Koroli Franzela Malai Feliata 400g,PANIFICATIE
1121736,Koroli Franzela Tarate Feliata 400g,PANIFICATIE
1051065,Koroli Kebab 120g,PANIFICATIE
1121565,Leonpan Ciabatta Cu 3mix Neamb 300g,PANIFICATIE
1080856,Lidas Baton Hot Dog 5x60g,PANIFICATIE
1084120,Lidas Cozonac Nuca. Cacao 700 G,PANIFICATIE
1035662,Lidas Paine Alba 300g Feliata,PANIFICATIE
1067881,Lidas Paine Seminte Cu Maia Feliata 500g,PANIFICATIE
1046097,"Lidas Painea Bunicii Cu Maia, Feliata, 500g",PANIFICATIE
1034526,Lidas Pasca Cu Branza 400g,PANIFICATIE
1129472,Lidas Srl Paine Alba Neamb 300g,PANIFICATIE
1062867,Lipie Taraneasca Maia Cart500g,PANIFICATIE
1044387,Lisip Paine Alba Fl 300 G,PANIFICATIE
1083228,Lisip Paine Alba Fl 400g,PANIFICATIE
1040656,Lisiprod Impletitura 500gr,PANIFICATIE
1121461,Lisiprod Paine Casa Felii 600gr,PANIFICATIE
1061699,Lisiprod Paine Cu Artofi 500g,PANIFICATIE
1064940,Lucasion  Paine Neagra La Tava 400g,PANIFICATIE
1120961,Madpan 70  Paine Cu Seminte 400 Gr,PANIFICATIE
1293343,Madpan Paine Alba  1.100 Kg,PANIFICATIE
1120962,Madpan Paine Alba Feliata 500g,PANIFICATIE
1120963,Madpan Paine Alba Feliata 900g,PANIFICATIE
1127068,Madpan Paine Graham Feliata 500g,PANIFICATIE
1120964,Madpan Paine Neagra Feliata 900g,PANIFICATIE
1069085,Magic Alprod Paine Alba Fara Sare 300g,PANIFICATIE
1046464,Magic Alprod Paine Alba Felii 400g,PANIFICATIE
1035102,Magic Alprod Paine Alba Neambalata 300g,PANIFICATIE
1035989,Magic Alprod Paine Neagra Felii 300g,PANIFICATIE
1055351,Magic Alprod Paine Tava Felii 400g,PANIFICATIE
1332411,Mamaruta Paine Alba Rotunda  Felii 900g,PANIFICATIE
1332412,Mamaruta Paine Cu Secara Felii 800g,PANIFICATIE
1332796,Mamaruta Paine De Casa Felii 900g,PANIFICATIE
1332413,Mamaruta Paine Din Grau Dur Felii 900g,PANIFICATIE
1335670,Mamaruta Paine Semi-Alba Felii 800g,PANIFICATIE
1121520,Marcotim Franzela Alba Feliata 900gr,PANIFICATIE
1124144,Marifel Covrig Cu Susan 80g,PANIFICATIE
1061982,Martini Pan Srl Batoane 80g,PANIFICATIE
1090288,Martini Pan Srl Chec 400g,PANIFICATIE
1129510,Martini Pan Srl Chifla 50g,PANIFICATIE
1124179,Martini Pan Srl Corn Cu Ciocolata 80g,PANIFICATIE
1047611,Martini Pan Srl Corn Cu Gem 80 G,PANIFICATIE
1124180,Martini Pan Srl Corn Cu Vanilie 80 G,PANIFICATIE
1121749,Martini Pan Srl Franzela Neagra Felii 500g,PANIFICATIE
1074891,Martini Pan Srl Paine Alaba Batuta 3 Kg,PANIFICATIE
1121497,Martini Pan Srl Paine Alba Batuta Felii 1.3 Kg,PANIFICATIE
1077106,Martini Pan Srl Paine Alba Felii 1 Kg,PANIFICATIE
1053648,Megasimitis Chec Sensation 490g,PANIFICATIE
1077530,Megasimitis Croissant Cu Ciocolata 160g,PANIFICATIE
1095023,Megasimitis Croissant Cu Vanilie 160g,PANIFICATIE
1045873,Megasimitis Franzela Alba  300g,PANIFICATIE
1044754,Megasimitis Franzela Integrala Felii  300g,PANIFICATIE
1037720,Megasimitis Franzela Secara Felii 300g,PANIFICATIE
1098929,Megasimitis Melci Cu Nuca 100g,PANIFICATIE
1120897,Megasimitis Paine Tomiris Taraneasca 500g,PANIFICATIE
1062978,Mibos Paine Alba Fara Sare Amb 300g,PANIFICATIE
1094107,Minipateuri  80g,PANIFICATIE
1086529,Mircea Blaga  Corn Ciocolata 100g,PANIFICATIE
1121107,Mircea Blaga Chifla Cu Susan 80g,PANIFICATIE
1026666,Moara  Gliga Covrigei Cu Sare Si Susan 200g,PANIFICATIE
1040528,Moara Gliga Paine Fara Sare 300gr,PANIFICATIE
1033536,Moara Gliga Sfinti Cu Nuca 5x50 Grame,PANIFICATIE
1301166,Moara Ilie  Franzela Alba Neambalata 300g,PANIFICATIE
1302301,Moara Ilie Cozonac Amb. Feliat 700g,PANIFICATIE
1121204,Mopan Suceana Sa Paine Neagra Rotunda Felii 700g,PANIFICATIE
1063651,Mopan Suceava Cozonac Popular 500gr,PANIFICATIE
1422515,Mopan Suceava Sa  Colac Amb 150g,PANIFICATIE
1121203,Mopan Suceava Sa  Japoneze 5x50 G,PANIFICATIE
1121799,Mopan Suceava Sa Chifle 2*80 G,PANIFICATIE
1121257,Mopan Suceava Sa Chifle Graham 3x80 G,PANIFICATIE
1121734,Mopan Suceava Sa Colaci Cununa 5*70 G,PANIFICATIE
1124185,Mopan Suceava Sa Franzela Alba Felii 400g,PANIFICATIE
1124195,Mopan Suceava Sa Impletituri Amb 300 G,PANIFICATIE
1040291,Moripan Alex  Paine Taraneasca 500 Gr,PANIFICATIE
1106217,Moripan Alex Chifle Graham 4x100g,PANIFICATIE
1268431,Muntean Pan Paine Cu Maia Si Cartofi Felii 1200g,PANIFICATIE
1268430,Muntean Pan Paine Cu Maia Si Cartofi Felii 800g,PANIFICATIE
1331992,Muntean Pan Paine De Casa Cu Cartofi Si Maia 1500g,PANIFICATIE
1332948,Muntean Pan Paine De Casa Cu Cartofi Si Maia 750 G,PANIFICATIE
1046391,Mutescu Chife 200g,PANIFICATIE
1036043,Mutescu Corn Cu Ciocalata 100g,PANIFICATIE
1080460,Mutescu Corn Cu Vanilie 100g,PANIFICATIE
1103644,Mutescu Corn Cu Visina 100g,PANIFICATIE
1013689,Mutescu Franzela Neambalata 300g,PANIFICATIE
1078657,Mutescu Placinta Cu Branza 200g,PANIFICATIE
1071879,Mutescu Rulada Cu Mac 160g,PANIFICATIE
1081427,Mutescu Rulada Cu Nuca 160g,PANIFICATIE
1073612,Mutescu Sfintisori 180g,PANIFICATIE
1115274,Nel Prod Bis Paine Alba 1kg,PANIFICATIE
1067823,Neopan Brinzoaica 100gr,PANIFICATIE
1121436,Neopan Cornulete De Casa Cu Marmelada 200gr,PANIFICATIE
1065677,Neopan Croisant Cu Crema De Cacao 90gr,PANIFICATIE
1050834,Neopan Saleuri 200gr,PANIFICATIE
1352205,Nikky Baton Cu Fistic 500 Gr,PANIFICATIE
1105723,Numero Uno Branzoaica 100gr,PANIFICATIE
1063014,Numero Uno Chec Cu Glazura De Ciocolata 120gr,PANIFICATIE
1073250,Numero Uno Coji Ecler 180g,PANIFICATIE
1082157,Numero Uno Corn Cu Finetti 100gr,PANIFICATIE
1078411,Numero Uno Cornulete Ardelenesti Caise 1kg,PANIFICATIE
1055764,Numero Uno Cornulete Ardelenesti Ciocolata 1kg,PANIFICATIE
1047158,Numero Uno Cornulete Ardelenesti Ciocolata 250gr,PANIFICATIE
1057753,Numero Uno Cornulete Ardelenesti Vanilie 250gr,PANIFICATIE
1052505,Numero Uno Cozonac Nuca 350gr,PANIFICATIE
1070401,Numero Uno Croissant Cu Crema De Cafea 100gr,PANIFICATIE
1039920,Numero Uno Foi Cremes 400gr,PANIFICATIE
1105996,Numero Uno Linzer Cu Mere 140gr,PANIFICATIE
1061194,Numero Uno Mucenici 150g,PANIFICATIE
1040062,Numero Uno Paine Alba 300 Gr,PANIFICATIE
1053095,Numero Uno Paine Cu Cartofi 500g,PANIFICATIE
1038071,Numero Uno Paine Cu Masline 300gr,PANIFICATIE
1045068,Numero Uno Paine La Tava Cu Seminte 500g,PANIFICATIE
1083399,Numero Uno Paine Neagra 300g,PANIFICATIE
1109897,Numero Uno Pan Gusto Paine Cu Fibre 400g,PANIFICATIE
1112058,Numero Uno Pan Gusto Paine Cu Secara 400g,PANIFICATIE
1105415,Numero Uno Pan Gusto Paine Cu Seminte 400g,PANIFICATIE
1070305,Numero Uno Pateu Cu Branza 100gr,PANIFICATIE
1089757,Numero Uno Rulouri Pt Umplut 350gr,PANIFICATIE
1093959,Numero Uno Saleuri 250gr,PANIFICATIE
1115509,Numero Uno Texport Srl Bagheta Cu Susan 300g,PANIFICATIE
1071126,Numero Uno Texport Srl Paine Alba Neamb 500g,PANIFICATIE
1120788,Numero Uno Texport Srl Paine Cu Cartofi Neamb 500g,PANIFICATIE
1021696,Oana Pam Srl Paine Alba Felii 500g,PANIFICATIE
1045900,Oana Pam Srl Paine Cu Tarate 500g,PANIFICATIE
1089290,Oltina Impex  Paine Integrala Macinis Intreg 500g,PANIFICATIE
1049826,Oltina Paine Faina Neagra  Neambalata 300gr,PANIFICATIE
1304277,Oltpan Franzela Alba Neambalata 400 Gr,PANIFICATIE
1099882,Onix  Paine Ciabata 300g,PANIFICATIE
1371238,Onix Lipie Cu Susan 400g,PANIFICATIE
1269729,"Ovipan Paine Neagra Franz Fel 0,400 Gr",PANIFICATIE
1425680,P Alba Maia Imparat500g Comcer,PANIFICATIE
1186145,P Anairo Pasca Branza 350g,PANIFICATIE
1121225,Paine 7 Cereale Feliata 400 Gr,PANIFICATIE
1120855,Paine Alba Pe Vatra Feliata 1kg,PANIFICATIE
1071881,Paine Alba Toast 400g Pau-Pan,PANIFICATIE
1121374,Paine Cu Cartofi 700 G,PANIFICATIE
1124156,Paine Cu Malai 400 Gr,PANIFICATIE
1091038,Paine Cu Seminte 400 Gr,PANIFICATIE
1101294,Paine De Casa Pe Vatra 600 Gr,PANIFICATIE
1155580,Paine De Turt Alba Fel 700g,PANIFICATIE
1022387,Paine Feliata Maia 500gr Pani,PANIFICATIE
1080248,Paine Franzela Cu Faina Alba Feliata 400g,PANIFICATIE
1059740,Paine Graham 300g Feliata,PANIFICATIE
1059991,Paine Graham 300gr Simpan,PANIFICATIE
1067560,Paine Multibob Fel 400g Snv,PANIFICATIE
1077687,Paine Multicereale 300g Pau Pa,PANIFICATIE
1045691,Paine Neagra Sem 500g Marifel,PANIFICATIE
1121140,Paine Periam Feliata 800 Gr,PANIFICATIE
1121141,Paine Rotunda Integrala Feliata 500 Gr,PANIFICATIE
1037847,Paine Semi Fel 900g Marifel,PANIFICATIE
1120954,Paine Stea  Ambalata 300 Gr,PANIFICATIE
1395740,Paine Taran. Tava 600g Marifel,PANIFICATIE
1076421,Paine Taraneasca Maia Cart500g,PANIFICATIE
1045652,Paine Tarate Si Sem. Fl S 500g,PANIFICATIE
1114720,Paine Tihnita 500g Pansab,PANIFICATIE
1063222,Paine Toast 500g,PANIFICATIE
1068065,Paine Toast Neagra 500g Valyb,PANIFICATIE
1068162,Paine Traditionala Pe Vatra 1000 Gr,PANIFICATIE
1054847,Painea Soarelui F.600g Simpan,PANIFICATIE
1091611,Pajura Corn Cu Ciocolata 100g,PANIFICATIE
1113322,Pan David Covrigei Mac Si Sare  3kg,PANIFICATIE
1129529,Pan David Franzela Alba Neambalata 300 Gr,PANIFICATIE
1046774,Pan David Srl Chec Cu Cacao  300g,PANIFICATIE
1124839,Pan David Srl Chec Cu Cacao  600g,PANIFICATIE
1047010,Pan David Srl Paine Graham Felii 300g,PANIFICATIE
1045657,Pan David Srl Rotuinda Multicereale Felii 500g,PANIFICATIE
1091339,Pan David Srl Rotunda Neagra Cu Tarate Felii 300g,PANIFICATIE
1081140,Pan Partener  Sped  Franzeluta Amb 100 G,PANIFICATIE
1061584,Pan Partener  Sped Chifle 250g,PANIFICATIE
1083104,Pan Partener  Sped Coji Ecler 200 G,PANIFICATIE
1042182,Pan Partener  Sped Pateu Branza 80g,PANIFICATIE
1336573,Pan Partener Artizan Paine Amb. Cu Grau Durum 400,PANIFICATIE
1336574,Pan Partnere Artizan Paine Amb.Cu Cartofi 500 Gr,PANIFICATIE
1237746,Panagro Ciabatta 300g,PANIFICATIE
1237747,Panagro Ciabatta Latino(Cu Oregano) 300g,PANIFICATIE
1312882,Panagro Pasca Cu Branza 425g,PANIFICATIE
1099900,Panagro Sfinti Cu Miere Si Nuca 2x75g,PANIFICATIE
1213730,Pandipo Franzela Alba Neambalata 400 Gr,PANIFICATIE
1056953,Pandipo Paine Alba Feliata Ambalata 300gr,PANIFICATIE
1096098,Pandud Japoneze 100 Gr,PANIFICATIE
1114205,Pandud Paine Cu Cartofi 300 Gr,PANIFICATIE
1076863,Pandud Paine Cu Malai  Dospit 400 Gr,PANIFICATIE
1052697,Panexpress Franzela Alba 0.9kg,PANIFICATIE
1089080,"Panexpress Paine Alba 1,5kg",PANIFICATIE
1121937,Pani Chec Marmorat  500 Gr,PANIFICATIE
1099476,Pani Enterprise Cozonac Cu Nuca Si Stafide 600g,PANIFICATIE
1121431,Pani Enterprise Paine Alba(Neambalata) 300g,PANIFICATIE
1269589,Pani Pat Paine Alba Felii 500 G,PANIFICATIE
1269590,Pani Pat Paine Alba Felii 700 G,PANIFICATIE
1269592,Pani Pat Paine Cu Cartofi Felii 900 G,PANIFICATIE
1269715,Pani Pat Paine Neagra Felii 400 G,PANIFICATIE
1017242,Panicor  Cozonac Nuca 700g,PANIFICATIE
1041478,Panicor  Cuib De Viespe 100 Gr,PANIFICATIE
1121018,Panicor  Franzela Alba Felii 400g,PANIFICATIE
1121868,Panicor  Franzela Alba Felii 800g,PANIFICATIE
1121404,Panicor  Franzela Neagra Seminte 700g,PANIFICATIE
1121869,Panicor  Mini Cuib  Viespe  260g,PANIFICATIE
1121908,Panicor  Paine Alba Felii 1.2kg,PANIFICATIE
1121019,Panicor Franzela Alba  Miorita 300g,PANIFICATIE
1120916,Panimar Covrig Cu Sare Felii 100g,PANIFICATIE
1040683,Panimar Cozonac Diverse Sortimente 800g,PANIFICATIE
1120917,Panimar Croissant Cu Caise Felii 100g,PANIFICATIE
1085024,Panimar Croissant Cu Ciocolata Felii 100g,PANIFICATIE
1121510,Panimar Fundita Cu Cascaval Felii 100g,PANIFICATIE
1114699,Panimar Paine Alba Felii 700,PANIFICATIE
1093399,Panimar Paine Alba Felii 800g,PANIFICATIE
1121252,Panimar Paine Cu Cartofi Felii 1 Kg,PANIFICATIE
1047044,Panimar Paine De Casa Felii 1 Kg,PANIFICATIE
1121491,Panimar Paine Semialba Rotunda Felii 800g,PANIFICATIE
1016670,Panimon Franzela Neagra Fel 400g,PANIFICATIE
1068585,Panimon Mucenici Cu Nuca  100 G,PANIFICATIE
1304276,Panimon Mucenici Cu Nuca Cas 160gr (2*80gr),PANIFICATIE
1040318,Panimon Paine Alba Cartofi 1kg,PANIFICATIE
1052977,Panimon Paine Cu Tarate 500g,PANIFICATIE
1110086,Panimon Paine Graham 300g,PANIFICATIE
1074903,Panimon Pasca 500 G,PANIFICATIE
1181596,Panimon Pasca Cu Branza Si Stafide 700 Gr,PANIFICATIE
1117926,Panimon Sa Chec 250 Gr,PANIFICATIE
1065140,Panimon Strudel Cu Branza 100g,PANIFICATIE
1311710,Panion Chec 350 Gr,PANIFICATIE
1311755,Panion Paine Alba Feliata 300 Gr,PANIFICATIE
1311706,Panion Paine Alba Impletita Neambalata 300 Gr,PANIFICATIE
1337013,Panion Paine Alba Lipie Neamb.300 Gr,PANIFICATIE
1311705,Panionpaine Alba Rotunda Neambalata 300 Gr,PANIFICATIE
1302487,Panipates Corn Cu Ciocolata 100g,PANIFICATIE
1053463,Panipates Franzela Alba 500g,PANIFICATIE
1121752,Panipates Franzela Alba 700g,PANIFICATIE
1075023,Panipates Franzela Alba 900g,PANIFICATIE
1110958,Panipates Paine Alba 900g,PANIFICATIE
1121952,Panipates Painea Casei 1.1 Kg,PANIFICATIE
1127043,Panipates Placinta Cu Branza 150g,PANIFICATIE
1054149,Paniprima Cornulete Minune 400g,PANIFICATIE
1121232,Paniprima Paine Alba 0.3 Kg,PANIFICATIE
1106528,Paniprima Paine Alba 0.7 Kg,PANIFICATIE
1121430,Paniprima Paine Cu Tarate Si Malt 0.5 Kg,PANIFICATIE
1385152,Panjova Chifle Precoapte 300g,PANIFICATIE
1121722,Panovi Franzela 700 Gr,PANIFICATIE
1129508,Panovi Franzela Neambalata 300g,PANIFICATIE
1041378,Panovi Paine Cu Cartofi 1 Kg,PANIFICATIE
1121303,Panovi Paine Cu Cartofi 1.4 Kg,PANIFICATIE
1121302,Panovi Paine Cu Cartofi 800g,PANIFICATIE
1073814,Pateu Cu Mere 80g,PANIFICATIE
1304311,"Patisgal Cozonac Post Cu Nuca,Rahat,Stafide 500g",PANIFICATIE
1248450,Pau Pan Corn Cu Gem Amb. 100 Gr,PANIFICATIE
1304808,Pau Pan Franzela Alba Amb.Feliata  300g,PANIFICATIE
1037490,Pau Pan Mucenici 80 G,PANIFICATIE
1077482,Pau Pan Paine Alba Fara Sare 300 G,PANIFICATIE
1118421,Pau Pan Paine Alba Felii 500 G,PANIFICATIE
1397831,Pau Pan Paine Taraneasca Cu Maia Amb. 500 Gr,PANIFICATIE
1050392,Pau Pan Srl Paine Alba Felii 1kg,PANIFICATIE
1121907,Paul Ioni Pan Franzela Semi Felii 500g,PANIFICATIE
1121951,Paul Ioni Pan Paine Alba Felii  400g,PANIFICATIE
1113082,Paul Ioni Pan Paine Alba Felii 600g,PANIFICATIE
1121906,Paul Ioni Pan Paine Alba Neamb  300g,PANIFICATIE
1124175,Paul Ioni Pan Paine Tihnita 500g,PANIFICATIE
1068004,Piinea De Casa Paine Multicereale Fel 0.300 Kg,PANIFICATIE
1055699,Pip  Paine Vatra Felii 700g,PANIFICATIE
1113479,Pip Franzela 300g,PANIFICATIE
1039756,Pip Paine Integrala Felii 300g,PANIFICATIE
1062611,Pita Banateana Neag1kg Pau Pan,PANIFICATIE
1121275,Plaspapir Unic Chifle 100g,PANIFICATIE
1121273,Plaspapir Unic Paine Alba Felii 1 Kg,PANIFICATIE
1121175,Plaspapir Unic Paine Impletita 600gr,PANIFICATIE
1060021,Popica  Croisant Cacao 100g,PANIFICATIE
1108875,Popica  Paine Multicereale Felii 500g,PANIFICATIE
1015067,Popica  Pateu Cu Branza 100g,PANIFICATIE
1051853,Popica  Placinta Cu Branza Si Stafide 100g,PANIFICATIE
1077727,Popica  Strudel Cu Mere 100g,PANIFICATIE
1067883,Prajitura Siret 70 Gr,PANIFICATIE
1121389,Pram Cozonac Nuca Si Rahat Ambalat 600 Gr,PANIFICATIE
1261658,Prod Bal Paine Alba Neambalata 500 Gr,PANIFICATIE
1072032,Prod Bal Paine Feliata 500g,PANIFICATIE
1121316,Prodspicom Srl Corn Spicom 100g,PANIFICATIE
1121695,Prodspicom Srl Franzela Alba  Felii 300g,PANIFICATIE
1086322,Prodspicom Srl Melc Spicom Pizza 100g,PANIFICATIE
1121142,Prodspicom Srl Paine Alba Cu Cartofi Felii 1.2kg,PANIFICATIE
1147832,Proxi Paine Alba Feliata 300gr,PANIFICATIE
1147685,Proxi Paine Neagra Feliata300g,PANIFICATIE
1092918,R&B Com Corn Vanilie Furnica 70g,PANIFICATIE
1099696,R&B Com Srl Corn Cu Gem 70g,PANIFICATIE
1041563,R&B Com Srl Rulou Cu Nuca 90g,PANIFICATIE
1112158,R&B Com Strudel Cu Fructe De Padure Furnica 120g,PANIFICATIE
1121238,R&B Fursecuri Glazurate 300g,PANIFICATIE
1084523,Raf Productie Chifle 100 G,PANIFICATIE
1121499,Ralu Prod Srl Franzela Neamb 300g,PANIFICATIE
1121478,Ralu Prod Srl Paine Alba Felii 300g,PANIFICATIE
1107200,Recolta Franzela Alba Rotunda 300 Gr,PANIFICATIE
1054795,Redal Chifle Albe 120g,PANIFICATIE
1065599,Redal Paine Alba Felii 300g,PANIFICATIE
1114295,Redal Paine Alba Felii 800g,PANIFICATIE
1046660,Redal Paine Casa Felii 1kg,PANIFICATIE
1095739,Redal Paine Neagra Felii 800g,PANIFICATIE
1063995,Redal Paine Ovaz 400g,PANIFICATIE
1079460,Redal Toast Felii 400g,PANIFICATIE
1085562,Riomatex Cozonac Cu  Nuca 500g,PANIFICATIE
1389106,Rip Rop Cozonac Simplu Fel 500 Gr,PANIFICATIE
1388967,Rip Rop Franzela Fel 1 Kg,PANIFICATIE
1389067,Rip Rop Paine Cu Cartofi Fel 600 Gr,PANIFICATIE
1087509,Rmsd Fam  Baton Dublu Ambalat Cu Mac 150 Gr,PANIFICATIE
1124168,Roman Bagheta Felii 500g,PANIFICATIE
1354284,Romway Cozonac Cu Cacao Si Rahat  350g,PANIFICATIE
1354283,Romway Cozonac Cu Mac 400g,PANIFICATIE
1124747,Rona Import-Export Branzoaica 100g,PANIFICATIE
1117961,Rona Import-Export Croissant Cu Vanilie 100g,PANIFICATIE
1121783,Rona Import-Export Franzela Alba Fel 500g,PANIFICATIE
1121782,Rona Import-Export Franzela Alba Felii 1.3 Kg,PANIFICATIE
1121923,Rona Import-Export Franzela Alba Felii 700 G,PANIFICATIE
1129528,Rona Import-Export Implet Cu Zahar 100g,PANIFICATIE
1040698,Rona Import-Export Strudel Mar 100g,PANIFICATIE
1061248,Rona Import-Export Trigon Branza 100g,PANIFICATIE
1079363,"Rondele Din Orez Expandat Bio Auchan Cu Susan, 100g",PANIFICATIE
1274404,Ropan Franzela Alba Ambalata  300g,PANIFICATIE
1129176,Rotel Chifla Susan Ambalata 4 Buc X 80 G,PANIFICATIE
1121887,"Rotel Franzela Feliata 0,500kg",PANIFICATIE
1121681,"Rotel Paine Alba Feliata 0,800kg",PANIFICATIE
1121682,"Rotel Paine Neagra Cu Seminte Feliata 0,400kg",PANIFICATIE
1121771,"Rotel Paine Secara Feliata 0,500kg",PANIFICATIE
1121770,"Rotel Paine Semi Alba Feliata 0,500kg",PANIFICATIE
1060796,Sabus Cozonac Delicios Cu Nuca Si Stafide 500g,PANIFICATIE
1088355,Sabus Paine Alba Neamb 300g,PANIFICATIE
1099655,Sabus Paine Neagra Felii 500 G,PANIFICATIE
1106181,Sabus Paine Pave 600g,PANIFICATIE
1056635,Sabus Srl Mucenici Moldovenesti 4*80g,PANIFICATIE
1360123,Salam De Biscuiti 400gr (Produs De Post),PANIFICATIE
1077989,Saleuri  Punga 250 Gr,PANIFICATIE
1036766,Saleuri  Telemea Punga 250 Gr,PANIFICATIE
1052617,Sandy Corn Umplut Cu Ciocolata 100gr,PANIFICATIE
1110604,"Sandy Paine Alba 0,8 Kg. Franzela Feliata",PANIFICATIE
1121775,Sandy Paine Alba 1 Kg. Franzela Feliata,PANIFICATIE
1121751,"Sandy Paine Taraneasca 1,3 Kg. Rotunda Feliata",PANIFICATIE
1019769,Sandy Paine Taraneasca 2 Kg. Rotunda Feliata,PANIFICATIE
1054356,Saratele Punga 250 Gr,PANIFICATIE
1063366,Sarpanif Franzela Alba Felii 400gr,PANIFICATIE
1121371,Sarpanif Franzela Felii 600gr,PANIFICATIE
1121933,Sarpanif Franzela Semialba Felii 400gr,PANIFICATIE
1124434,Sarpanif Paine Casa Felii 600gr,PANIFICATIE
1121975,Sarpanif Paine Semialba Felii 700gr,PANIFICATIE
1077562,Sc Agrosara Srl Paine Neagra Felii 500g,PANIFICATIE
1121669,Sc Gi&Ko Impex Srl  Chifla Susan 100 G,PANIFICATIE
1121208,Sc Panificatia Bede Srl  Baigli Nuca Mac 200g,PANIFICATIE
1048594,Sc Panificatia Bede Srl  Coronita Cu Susan 100 G,PANIFICATIE
1124161,Sc Panificatia Bede Srl  Paine Alba 1.5 Kg,PANIFICATIE
1121692,Sc Panificatia Bede Srl  Paine Graham 300 G,PANIFICATIE
1121802,Sc Varga Quattro Srl   Paine Svabeasca 500 G,PANIFICATIE
1096008,Sc Varga Quattro Srl  Covrig Cu Sare 90g,PANIFICATIE
1070550,Sc Varga Quattro Srl  Strudel Cu Mere 100g,PANIFICATIE
1095109,Serconera Cozonac Cu Mac 900gr,PANIFICATIE
1117936,Serconera Cozonac Cu Nuca 900gr,PANIFICATIE
1129560,Serconera Paine Alba Felii 300gr,PANIFICATIE
1129561,Serconera Paine Alba Felii 400gr,PANIFICATIE
1109752,Serconera Paine Semi Felii 500gr,PANIFICATIE
1058983,Silva  Pan  Paine Alba Felii 600g,PANIFICATIE
1047497,Silva Pan Srl Branzoaica 100g,PANIFICATIE
1043414,Silva Pan Srl Melc Mac 100g,PANIFICATIE
1076975,Silva Pan Srl Paine Alba Tava Felii 500g,PANIFICATIE
1121270,Simimpex Covrig Cu Sare Amb 50 Gr,PANIFICATIE
1104926,Simimpex Paine Alba Fel 1200 Gr,PANIFICATIE
1063984,Simpan  Cozonac Nuca Cacao 500g,PANIFICATIE
1080533,Simpan  Paine Vietii Inka 400gr,PANIFICATIE
1120858,Simpan Cornulete Cu Magiun 300 G,PANIFICATIE
1045904,Simpan Paine Cu Secara Si Maia Neamb 500 G,PANIFICATIE
1068137,Simpan Paine Hipoglucidica500g,PANIFICATIE
1120798,Simpan Paine Neagra Tarate Felii 500g,PANIFICATIE
1052252,Simpan Paine Semi 600 G,PANIFICATIE
1372815,Simpan Rulouri Maestro 300 G,PANIFICATIE
1376846,Smg Chifle Ambalate 4buc X 50 G,PANIFICATIE
1376847,Smg Franzeluta Ambalata 100 G,PANIFICATIE
1376840,Smg Paine Alba Ambalata 300 Gr,PANIFICATIE
1376844,Smg Paine Alba Ambalata 500 Gr,PANIFICATIE
1376841,Smg Paine Alba Feliata Ambalata 300 Gr,PANIFICATIE
1376845,Smg Paine Alba Feliata Ambalata 500 Gr,PANIFICATIE
1376843,Smg Paine Impletita Ambalata 300 Gr,PANIFICATIE
1376842,Smg Paine Neagra Feliata Ambalata 300 Gr,PANIFICATIE
1121163,Sompan  Franzela Neagra Felii 700g,PANIFICATIE
1121393,Sompan Franzela Alba Felii 700g,PANIFICATIE
1124821,Spicul Brancovenesc  Paine Alba Felii 400g,PANIFICATIE
1062050,Spicul Brancovenesc  Paine Alba Neamb 300g,PANIFICATIE
1124730,Spicul Brancovenesc  Paine Cu Tarate Felii 400g,PANIFICATIE
1121901,Spicul Brincovenesc Paine Alba Ambalata 300 Gr,PANIFICATIE
1121946,Staco Paine Alba De Casa Cu Maia Feliata  400 G,PANIFICATIE
1121249,Staco Paine Alba De Casa Cu Maia Feliata 800 G,PANIFICATIE
1121442,Staco Paine Alba Feliata 500 G,PANIFICATIE
1121250,Staco Paine Alba Feliata 800 G,PANIFICATIE
1124207,Staco Paine Alba Feliata Tip Caramida 700 G,PANIFICATIE
1129523,Staco Paine Dieta Floarea Soarelui Secara 500 G,PANIFICATIE
1058067,Strudel Branza Amb 90g,PANIFICATIE
1381328,Suciu Company Baigli Cu Nuca Si Mac 500 G,PANIFICATIE
1381329,Suciu Company Linzer Cu Vanilie Si Mac 200g,PANIFICATIE
1381331,Suciu Company Linzer Cu Visine  Si Mac 200g,PANIFICATIE
1381333,Suciu Company Saratele Cu Susan 250g,PANIFICATIE
1302985,Tarovtar Paine Alba Cartofi Crupe Porumb Fel 500gr,PANIFICATIE
1302984,Tarovtar Paine Alba Cu Maia Rot Fel 500 Gr,PANIFICATIE
1302983,Tarovtar Paine Alba Pe Vatra Fel  500gr,PANIFICATIE
1345734,Tarovtar Paine Cu Secara Fel 500gr,PANIFICATIE
1380926,Tarovtar Paine Extra Maia Fel 700gr,PANIFICATIE
1302987,Tarovtar Paine Semi Cu Seminte Fel 400 Gr,PANIFICATIE
1302986,Tarovtar Paine Semi Integrala Fel 500 Gr,PANIFICATIE
1313956,Teju Chifle Negre 5x50g,PANIFICATIE
1313959,Teju Paine Alba Feliata 400g,PANIFICATIE
1313962,Teju Paine Alba Neambalata  300g,PANIFICATIE
1313957,Teju Paine Graham Feliata Ambalata 300g,PANIFICATIE
1313960,Teju Paine Maia Feliata 500g,PANIFICATIE
1313958,Teju Paine Neagra Feliata 300 G,PANIFICATIE
1060340,Titan 99  Covrigei Cu Susan 200gr,PANIFICATIE
1116613,Titan 99  Paine Neagra Rot Felii 500 Gr,PANIFICATIE
1107385,Titan 99 Cornulete Cu Crema De Caise  600g,PANIFICATIE
1068305,Titan 99 Srl Paine Graham Felii 500g,PANIFICATIE
1095145,Titan 99 Srl Paine Multicereale Felii 500g,PANIFICATIE
1093177,"Titan Cozonac Cu Ciocolata, Cacao Si Nuca 600g",PANIFICATIE
1063639,"Titan Cozonac Cu Vanilie, Cacao Si Stafide 600g",PANIFICATIE
1374269,Titan Paine Alba Feliata 300 Gr,PANIFICATIE
1359781,Titan Paine Cu Cartofi 700 G,PANIFICATIE
1360127,Titan Paine Taraneasca Cu Maia 700 G,PANIFICATIE
1078075,Titan Pan Gusto Paine Cu Fibre 400g,PANIFICATIE
1074316,Titan Pan Gusto Paine Cu Secara 400g,PANIFICATIE
1108873,Titan Pan Gusto Paine Cu Seminte 400g,PANIFICATIE
1091669,Titan99cornulete Cu Crema De Vanilie Si Cocos 600g,PANIFICATIE
1053225,"Todex Bagheta 0,300 Kg",PANIFICATIE
1129489,"Todex Franzela Alba Feliata 0,300 Kg",PANIFICATIE
1121896,"Todex Franzela Alba Feliata 0,700 Kg",PANIFICATIE
1121115,Todex Franzela Alba Feliata 1 Kg,PANIFICATIE
1121702,"Todex Graham Feliat 0,600 Kg",PANIFICATIE
1129487,"Todex Paine Alba  Feliata 0,300 Kg",PANIFICATIE
1129485,"Todex Paine Batuta Feliata 1,2 Kg",PANIFICATIE
1129484,Todex Paine Casa Jumatate Feliata  1kg,PANIFICATIE
1124170,"Todex Paine Casa Sfert Feliata 0,500 Kg",PANIFICATIE
1129486,"Todex Paine Semi Alba Feliata 0,500 Kg",PANIFICATIE
1055672,Torsada 300 Gr,PANIFICATIE
1311790,Transeuro Covrigei 200 G,PANIFICATIE
1096199,Transeuro Cozonac Cu Nuca 750 Gr,PANIFICATIE
1120787,Triumf Paine Alba 700 Gr,PANIFICATIE
1121206,Triumf Paine Cu Faina Neagra 500 Gr,PANIFICATIE
1121376,Triumf Paine Cu Ulei De Masline 500 Gr,PANIFICATIE
1120883,Triumf Paine Taraneasca 700 Gr,PANIFICATIE
1273117,Tudor Mihai Serv Srl Paine Alba Felii 300g,PANIFICATIE
1056726,Tudor Mihai Serv Srl Paine Alba Neamb 300g,PANIFICATIE
1331033,Turticile Bunicii Saratele Cu Cascaval 200g,PANIFICATIE
1306955,Turticile Bunicii Turta 270g,PANIFICATIE
1121711,Unic Trio Franzela Felii 1 Kg,PANIFICATIE
1120771,Unic Trio Franzela Felii 700g,PANIFICATIE
1121159,Unic Trio Paine Cu Cartofi Tip De Casa Jum 1 Kg,PANIFICATIE
1120881,Valbya Pan 2004 Chifle Albe 4x80g,PANIFICATIE
1081724,Valencia Tradaing Paine Dambovita 500 G,PANIFICATIE
1107464,Valencia Trading Strudel Cu Mere 100 Gr,PANIFICATIE
1113490,Valybia Com  Corn Glazurat Ciocolata 100 Gr,PANIFICATIE
1098341,Valybia Com Bagheta Alba Neamb 300g,PANIFICATIE
1120753,Valybia Com Paine Cu Cartofi 500gr,PANIFICATIE
1121340,Valybia Com Paine Cu Malai 400gr,PANIFICATIE
1371285,Valybia Com Toast Faina Neagra Fel 500 Gr,PANIFICATIE
1112049,Valybia Pan 2004  Bagheta Semialba Felii 600g,PANIFICATIE
1101264,Valybia Pan 2004 Chifle Graham 4x100g,PANIFICATIE
1067778,Varga Quatro  Covrig Cu Cascaval 90g,PANIFICATIE
1058597,Varga Quatro Bagheta 300g,PANIFICATIE
1053152,Varga Quatro Cozonac Cu Nuca 400g,PANIFICATIE
1358188,Varga Quattro Cozonac Cu Mac 500g,PANIFICATIE
1152565,Vatra Domneasca Mucenici Nuca 80g,PANIFICATIE
1121059,Vatra Domneasca Paine Multicereale 300 Gr,PANIFICATIE
1105416,Vatra Domnensca Pan Gusto Cu Fibre 400g,PANIFICATIE
1121546,Vatra Draganesti Paine Graham 300 Gr,PANIFICATIE
1080472,Vel Pitar Sa Painea Casei Alba 400g,PANIFICATIE
1356115,Vel Pitar Toast Alb Clasic 600g,PANIFICATIE
1040472,Velrom Paine Integrala Cu Maia Feliata 500g,PANIFICATIE
1100117,Vil Denes Branzoaica 80g,PANIFICATIE
1039544,Vil Denes Corn Ciocolata 80 G,PANIFICATIE
1078477,Vil Denes Cornulete Fragede 200g,PANIFICATIE
1041427,Vil Denes Covrig Cu Sare 100 G,PANIFICATIE
1104845,Vil Denes Cozonac Cacao+Rahat+Stafide 600g,PANIFICATIE
1055416,Vil Denes Cozonac Cu Mac 600gr,PANIFICATIE
1062796,Vil Denes Cozonac Nuca 600 G,PANIFICATIE
1056240,Vil Denes Croissant  80 G,PANIFICATIE
1061256,Vil Denes Cuib De Viespe  80g,PANIFICATIE
1127051,Vil Denes Foi Cu Miere 500g,PANIFICATIE
1121221,Vil Denes Paine Tava Fara Amelioratori 600g,PANIFICATIE
1103374,Vil Denes Pangusto Paine Cu Seminte 400g,PANIFICATIE
1050077,Vil Denes Srl Chifle 4*20g,PANIFICATIE
1069084,Vil Denes Srl Corn Gemenii 160g,PANIFICATIE
1102896,Vil Denes Srl Corn Ochelari Cocos Si Cacao 100g,PANIFICATIE
1124835,Vil Denes Srl Covrigei 200g,PANIFICATIE
1120754,Vil Denes Srl Franzela Alba 300g,PANIFICATIE
1066047,Vil Denes Srl Franzela Alba 600 G,PANIFICATIE
1048917,Vil Denes Srl Franzela Alba 800g,PANIFICATIE
1121339,Vil Denes Srl Paine Neagra 600g,PANIFICATIE
1121394,Vil Denes Srl Paine Seminte 600g,PANIFICATIE
1100266,Vipan Chifle Graham 2x120g,PANIFICATIE
1121459,Vipan Paine Alba Ambalata 300g,PANIFICATIE
1121790,Vipan Paine Alba Neambalata 300g,PANIFICATIE
1021699,Vipan Paine Graham Felii 400g,PANIFICATIE
1039203,Vipan Paine Prajita 200g,PANIFICATIE
1044525,Vipan Pan Gusto Cu Fibre 400g,PANIFICATIE
1086848,Vipan Pan Gusto Cu Seminte 400g,PANIFICATIE
1129544,Vitosa Chec Cu Pasta De Visine La Cutie -300 Gr,PANIFICATIE
1129546,Vitosa Chec Cu Pasta De Visine La Cutie 750 Gr,PANIFICATIE
1121386,Vitosa Paine Casa Cu Cartofi Fel 1.000 Kg,PANIFICATIE
1079876,Vladutu Paine Neagra 300g,PANIFICATIE
1075838,Vladutu Paine Neagra Felii 300g,PANIFICATIE
1121762,Wallyspan Cozonac Cu Nuca Si Rahat 1kg,PANIFICATIE
1121718,Wallyspan Franzela Ardeleneasca 600g,PANIFICATIE
1121183,Wallyspan Paine Grau Intreg Cu Seminte 500g,PANIFICATIE
1121325,Wallyspan Paine Rotunda Alba Ardeleneasca 700g,PANIFICATIE
1121200,Wallyspan Paine Rotunda Neagra Ardeleneasca 700g,PANIFICATIE
1103969,West Invest Paine Graham 400gr,PANIFICATIE
1074725,Wolf Corn Cascaval 60g,PANIFICATIE
1064878,Wolf Sauris Srl Cozonac Ciocolata Vanilie 500 G,PANIFICATIE
1121402,Wolf Sauris Srl Paine Alba Felii 400 G,PANIFICATIE
1084311,Xenia Cornulete Cu Gem Cas 200 Gr,PANIFICATIE
1091063,Xenia Minisaleuri Cascaval Cas 170 Gr,PANIFICATIE
1121001,Zenit Baton Cu Crema Vanilie 100 Gr,PANIFICATIE
1121675,Zenit Baton Cu Mac 80gr,PANIFICATIE
1121479,Zenit Branzoaica 80 Gr,PANIFICATIE
1059975,Zenit Paine Alba Neambalata 300g,PANIFICATIE
1124165,Zenit Pateu Cu Branza Dulce 100 Gr,PANIFICATIE
1121889,Zenit Pateu Cu Branza Sarata 100gr,PANIFICATIE
1124436,Zenit Placinta Cu Prune 100 Gr,PANIFICATIE
